[{"model": "admin.logentry", "pk": 1, "fields": {"action_time": "2023-11-28T09:06:20.839Z", "user": 1, "content_type": 4, "object_id": "1", "object_repr": "admin", "action_flag": 2, "change_message": "[{\"changed\": {\"fields\": [\"First name\", \"Last name\", \"Email address\"]}}]"}}, {"model": "admin.logentry", "pk": 2, "fields": {"action_time": "2023-12-04T12:34:07.500Z", "user": 1, "content_type": 7, "object_id": "1", "object_repr": "ewq", "action_flag": 3, "change_message": ""}}, {"model": "admin.logentry", "pk": 3, "fields": {"action_time": "2023-12-04T12:34:07.518Z", "user": 1, "content_type": 7, "object_id": "2", "object_repr": "ewq", "action_flag": 3, "change_message": ""}}, {"model": "admin.logentry", "pk": 4, "fields": {"action_time": "2023-12-04T12:34:07.524Z", "user": 1, "content_type": 7, "object_id": "3", "object_repr": "ewq", "action_flag": 3, "change_message": ""}}, {"model": "admin.logentry", "pk": 5, "fields": {"action_time": "2023-12-04T12:34:07.532Z", "user": 1, "content_type": 7, "object_id": "4", "object_repr": "ewqeq", "action_flag": 3, "change_message": ""}}, {"model": "admin.logentry", "pk": 6, "fields": {"action_time": "2023-12-04T12:34:07.541Z", "user": 1, "content_type": 7, "object_id": "5", "object_repr": "ewq", "action_flag": 3, "change_message": ""}}, {"model": "admin.logentry", "pk": 7, "fields": {"action_time": "2023-12-04T12:34:07.549Z", "user": 1, "content_type": 7, "object_id": "6", "object_repr": "ewq", "action_flag": 3, "change_message": ""}}, {"model": "admin.logentry", "pk": 8, "fields": {"action_time": "2023-12-04T12:34:07.557Z", "user": 1, "content_type": 7, "object_id": "7", "object_repr": "ewq", "action_flag": 3, "change_message": ""}}, {"model": "admin.logentry", "pk": 9, "fields": {"action_time": "2023-12-04T12:34:07.565Z", "user": 1, "content_type": 7, "object_id": "8", "object_repr": "e", "action_flag": 3, "change_message": ""}}, {"model": "admin.logentry", "pk": 10, "fields": {"action_time": "2023-12-04T12:34:07.573Z", "user": 1, "content_type": 7, "object_id": "9", "object_repr": "e", "action_flag": 3, "change_message": ""}}, {"model": "admin.logentry", "pk": 11, "fields": {"action_time": "2023-12-04T12:34:07.581Z", "user": 1, "content_type": 7, "object_id": "10", "object_repr": "ewq", "action_flag": 3, "change_message": ""}}, {"model": "admin.logentry", "pk": 12, "fields": {"action_time": "2023-12-04T12:34:07.597Z", "user": 1, "content_type": 7, "object_id": "11", "object_repr": "ewq", "action_flag": 3, "change_message": ""}}, {"model": "admin.logentry", "pk": 13, "fields": {"action_time": "2023-12-04T12:34:07.605Z", "user": 1, "content_type": 7, "object_id": "12", "object_repr": "ewq", "action_flag": 3, "change_message": ""}}, {"model": "admin.logentry", "pk": 14, "fields": {"action_time": "2023-12-04T12:34:07.613Z", "user": 1, "content_type": 7, "object_id": "13", "object_repr": "ewq", "action_flag": 3, "change_message": ""}}, {"model": "admin.logentry", "pk": 15, "fields": {"action_time": "2023-12-04T12:34:07.621Z", "user": 1, "content_type": 7, "object_id": "14", "object_repr": "ewq", "action_flag": 3, "change_message": ""}}, {"model": "admin.logentry", "pk": 16, "fields": {"action_time": "2023-12-04T12:34:07.629Z", "user": 1, "content_type": 7, "object_id": "15", "object_repr": "ewq", "action_flag": 3, "change_message": ""}}, {"model": "admin.logentry", "pk": 17, "fields": {"action_time": "2023-12-04T14:16:14.411Z", "user": 1, "content_type": 7, "object_id": "16", "object_repr": "ew", "action_flag": 2, "change_message": "[]"}}, {"model": "admin.logentry", "pk": 18, "fields": {"action_time": "2023-12-06T14:52:15.003Z", "user": 1, "content_type": 11, "object_id": "1", "object_repr": "گالری دی 1403", "action_flag": 1, "change_message": "[{\"added\": {}}]"}}, {"model": "admin.logentry", "pk": 19, "fields": {"action_time": "2023-12-06T14:52:27.545Z", "user": 1, "content_type": 11, "object_id": "2", "object_repr": "گالری بهمن 1402", "action_flag": 1, "change_message": "[{\"added\": {}}]"}}, {"model": "admin.logentry", "pk": 20, "fields": {"action_time": "2023-12-06T14:52:43.868Z", "user": 1, "content_type": 11, "object_id": "3", "object_repr": "گالری اسفند 1402", "action_flag": 1, "change_message": "[{\"added\": {}}]"}}, {"model": "admin.logentry", "pk": 21, "fields": {"action_time": "2023-12-06T14:52:58.160Z", "user": 1, "content_type": 11, "object_id": "4", "object_repr": "گالری فروردین 1403", "action_flag": 1, "change_message": "[{\"added\": {}}]"}}, {"model": "admin.logentry", "pk": 22, "fields": {"action_time": "2023-12-06T14:53:27.446Z", "user": 1, "content_type": 13, "object_id": "1", "object_repr": "عتیقه", "action_flag": 1, "change_message": "[{\"added\": {}}]"}}, {"model": "admin.logentry", "pk": 23, "fields": {"action_time": "2023-12-06T14:53:50.109Z", "user": 1, "content_type": 13, "object_id": "2", "object_repr": "نگین", "action_flag": 1, "change_message": "[{\"added\": {}}]"}}, {"model": "admin.logentry", "pk": 24, "fields": {"action_time": "2023-12-06T14:53:56.010Z", "user": 1, "content_type": 13, "object_id": "3", "object_repr": "فیروزه", "action_flag": 1, "change_message": "[{\"added\": {}}]"}}, {"model": "admin.logentry", "pk": 25, "fields": {"action_time": "2023-12-06T14:53:59.556Z", "user": 1, "content_type": 13, "object_id": "4", "object_repr": "عقیق", "action_flag": 1, "change_message": "[{\"added\": {}}]"}}, {"model": "admin.logentry", "pk": 26, "fields": {"action_time": "2023-12-06T14:54:07.703Z", "user": 1, "content_type": 13, "object_id": "5", "object_repr": "روسی", "action_flag": 1, "change_message": "[{\"added\": {}}]"}}, {"model": "admin.logentry", "pk": 27, "fields": {"action_time": "2023-12-06T14:54:14.808Z", "user": 1, "content_type": 13, "object_id": "6", "object_repr": "داس و چکش", "action_flag": 1, "change_message": "[{\"added\": {}}]"}}, {"model": "admin.logentry", "pk": 28, "fields": {"action_time": "2023-12-06T15:07:04.847Z", "user": 1, "content_type": 15, "object_id": "1", "object_repr": "خواص انگشتری عقیق", "action_flag": 1, "change_message": "[{\"added\": {}}]"}}, {"model": "admin.logentry", "pk": 29, "fields": {"action_time": "2023-12-06T16:01:32.682Z", "user": 1, "content_type": 15, "object_id": "1", "object_repr": "خواص انگشتری عقیق", "action_flag": 2, "change_message": "[]"}}, {"model": "admin.logentry", "pk": 30, "fields": {"action_time": "2023-12-06T16:02:03.744Z", "user": 1, "content_type": 14, "object_id": "1", "object_repr": "ali", "action_flag": 1, "change_message": "[{\"added\": {}}]"}}, {"model": "admin.logentry", "pk": 31, "fields": {"action_time": "2023-12-06T16:04:04.760Z", "user": 1, "content_type": 12, "object_id": "1", "object_repr": "عقیق-1", "action_flag": 1, "change_message": "[{\"added\": {}}]"}}, {"model": "admin.logentry", "pk": 32, "fields": {"action_time": "2023-12-06T16:04:17.713Z", "user": 1, "content_type": 12, "object_id": "2", "object_repr": "عقیق-2", "action_flag": 1, "change_message": "[{\"added\": {}}]"}}, {"model": "admin.logentry", "pk": 33, "fields": {"action_time": "2023-12-06T16:13:29.738Z", "user": 1, "content_type": 4, "object_id": "2", "object_repr": "soheil", "action_flag": 1, "change_message": "[{\"added\": {}}]"}}, {"model": "admin.logentry", "pk": 34, "fields": {"action_time": "2023-12-06T16:13:53.784Z", "user": 1, "content_type": 4, "object_id": "2", "object_repr": "soheil", "action_flag": 2, "change_message": "[{\"changed\": {\"fields\": [\"First name\", \"Last name\", \"Email address\"]}}]"}}, {"model": "admin.logentry", "pk": 35, "fields": {"action_time": "2023-12-06T16:15:39.684Z", "user": 1, "content_type": 15, "object_id": "2", "object_repr": "انگشتری عقیق", "action_flag": 1, "change_message": "[{\"added\": {}}]"}}, {"model": "admin.logentry", "pk": 36, "fields": {"action_time": "2023-12-06T16:16:10.702Z", "user": 1, "content_type": 15, "object_id": "2", "object_repr": "انگشتری عقیق", "action_flag": 2, "change_message": "[{\"changed\": {\"fields\": [\"Content\"]}}]"}}, {"model": "admin.logentry", "pk": 37, "fields": {"action_time": "2023-12-06T16:16:32.009Z", "user": 1, "content_type": 15, "object_id": "2", "object_repr": "انگشتری فیروزه", "action_flag": 2, "change_message": "[{\"changed\": {\"fields\": [\"Title\"]}}]"}}, {"model": "admin.logentry", "pk": 38, "fields": {"action_time": "2023-12-06T16:16:55.688Z", "user": 1, "content_type": 12, "object_id": "3", "object_repr": "فیروزه-1", "action_flag": 1, "change_message": "[{\"added\": {}}]"}}, {"model": "admin.logentry", "pk": 39, "fields": {"action_time": "2023-12-06T16:17:09.278Z", "user": 1, "content_type": 12, "object_id": "4", "object_repr": "فیروزه-2", "action_flag": 1, "change_message": "[{\"added\": {}}]"}}, {"model": "admin.logentry", "pk": 40, "fields": {"action_time": "2023-12-06T16:17:21.533Z", "user": 1, "content_type": 12, "object_id": "5", "object_repr": "فیروزه-3", "action_flag": 1, "change_message": "[{\"added\": {}}]"}}, {"model": "admin.logentry", "pk": 41, "fields": {"action_time": "2023-12-06T16:19:21.430Z", "user": 1, "content_type": 12, "object_id": "1", "object_repr": "عقیق-1", "action_flag": 2, "change_message": "[]"}}, {"model": "admin.logentry", "pk": 42, "fields": {"action_time": "2023-12-06T16:26:37.728Z", "user": 1, "content_type": 14, "object_id": "2", "object_repr": "soheil", "action_flag": 1, "change_message": "[{\"added\": {}}]"}}, {"model": "admin.logentry", "pk": 43, "fields": {"action_time": "2023-12-06T16:54:44.884Z", "user": 1, "content_type": 15, "object_id": "3", "object_repr": "بیهق باستان", "action_flag": 1, "change_message": "[{\"added\": {}}]"}}, {"model": "admin.logentry", "pk": 44, "fields": {"action_time": "2023-12-06T16:54:54.628Z", "user": 1, "content_type": 15, "object_id": "2", "object_repr": "انگشتری فیروزه", "action_flag": 2, "change_message": "[{\"changed\": {\"fields\": [\"Login require\"]}}]"}}, {"model": "admin.logentry", "pk": 45, "fields": {"action_time": "2023-12-10T17:17:37.266Z", "user": 1, "content_type": 15, "object_id": "4", "object_repr": "ساعت رومیزی", "action_flag": 1, "change_message": "[{\"added\": {}}]"}}, {"model": "admin.logentry", "pk": 46, "fields": {"action_time": "2023-12-10T17:19:14.446Z", "user": 1, "content_type": 15, "object_id": "5", "object_repr": "میز قدیمی", "action_flag": 1, "change_message": "[{\"added\": {}}]"}}, {"model": "admin.logentry", "pk": 47, "fields": {"action_time": "2023-12-10T17:19:57.629Z", "user": 1, "content_type": 15, "object_id": "6", "object_repr": "تپانچه", "action_flag": 1, "change_message": "[{\"added\": {}}]"}}, {"model": "admin.logentry", "pk": 48, "fields": {"action_time": "2023-12-10T17:20:37.983Z", "user": 1, "content_type": 15, "object_id": "7", "object_repr": "قوری مفرق", "action_flag": 1, "change_message": "[{\"added\": {}}]"}}, {"model": "admin.logentry", "pk": 49, "fields": {"action_time": "2023-12-10T17:21:22.504Z", "user": 1, "content_type": 15, "object_id": "8", "object_repr": "دستبند طلا", "action_flag": 1, "change_message": "[{\"added\": {}}]"}}, {"model": "admin.logentry", "pk": 50, "fields": {"action_time": "2023-12-10T17:21:33.887Z", "user": 1, "content_type": 15, "object_id": "4", "object_repr": "ساعت رومیزی", "action_flag": 2, "change_message": "[{\"changed\": {\"fields\": [\"Status\"]}}]"}}, {"model": "admin.logentry", "pk": 51, "fields": {"action_time": "2023-12-10T17:32:15.990Z", "user": 1, "content_type": 12, "object_id": "6", "object_repr": "اصلی", "action_flag": 1, "change_message": "[{\"added\": {}}]"}}, {"model": "admin.logentry", "pk": 52, "fields": {"action_time": "2023-12-10T17:32:32.993Z", "user": 1, "content_type": 12, "object_id": "7", "object_repr": "اصلی2", "action_flag": 1, "change_message": "[{\"added\": {}}]"}}, {"model": "admin.logentry", "pk": 53, "fields": {"action_time": "2023-12-10T17:32:51.667Z", "user": 1, "content_type": 12, "object_id": "8", "object_repr": "اصلی3", "action_flag": 1, "change_message": "[{\"added\": {}}]"}}, {"model": "admin.logentry", "pk": 54, "fields": {"action_time": "2023-12-10T17:33:00.081Z", "user": 1, "content_type": 12, "object_id": "9", "object_repr": "اصلی4", "action_flag": 1, "change_message": "[{\"added\": {}}]"}}, {"model": "admin.logentry", "pk": 55, "fields": {"action_time": "2023-12-10T17:33:09.103Z", "user": 1, "content_type": 12, "object_id": "10", "object_repr": "اصلی", "action_flag": 1, "change_message": "[{\"added\": {}}]"}}, {"model": "admin.logentry", "pk": 56, "fields": {"action_time": "2023-12-10T17:33:17.621Z", "user": 1, "content_type": 12, "object_id": "11", "object_repr": "اصلی2", "action_flag": 1, "change_message": "[{\"added\": {}}]"}}, {"model": "admin.logentry", "pk": 57, "fields": {"action_time": "2023-12-10T17:33:28.226Z", "user": 1, "content_type": 12, "object_id": "12", "object_repr": "اصلی3", "action_flag": 1, "change_message": "[{\"added\": {}}]"}}, {"model": "admin.logentry", "pk": 58, "fields": {"action_time": "2023-12-10T17:33:36.009Z", "user": 1, "content_type": 12, "object_id": "13", "object_repr": "اصلی4", "action_flag": 1, "change_message": "[{\"added\": {}}]"}}, {"model": "admin.logentry", "pk": 59, "fields": {"action_time": "2023-12-10T17:33:44.717Z", "user": 1, "content_type": 12, "object_id": "14", "object_repr": "اصلی", "action_flag": 1, "change_message": "[{\"added\": {}}]"}}, {"model": "admin.logentry", "pk": 60, "fields": {"action_time": "2023-12-10T17:33:56.993Z", "user": 1, "content_type": 12, "object_id": "15", "object_repr": "اصلی2", "action_flag": 1, "change_message": "[{\"added\": {}}]"}}, {"model": "admin.logentry", "pk": 61, "fields": {"action_time": "2023-12-10T17:34:08.061Z", "user": 1, "content_type": 12, "object_id": "16", "object_repr": "اصلی3", "action_flag": 1, "change_message": "[{\"added\": {}}]"}}, {"model": "admin.logentry", "pk": 62, "fields": {"action_time": "2023-12-10T17:34:18.787Z", "user": 1, "content_type": 12, "object_id": "17", "object_repr": "اصلی4", "action_flag": 1, "change_message": "[{\"added\": {}}]"}}, {"model": "admin.logentry", "pk": 63, "fields": {"action_time": "2023-12-10T17:34:35.802Z", "user": 1, "content_type": 12, "object_id": "18", "object_repr": "اصلی", "action_flag": 1, "change_message": "[{\"added\": {}}]"}}, {"model": "admin.logentry", "pk": 64, "fields": {"action_time": "2023-12-10T17:34:45.350Z", "user": 1, "content_type": 12, "object_id": "19", "object_repr": "اصلی2", "action_flag": 1, "change_message": "[{\"added\": {}}]"}}, {"model": "admin.logentry", "pk": 65, "fields": {"action_time": "2023-12-10T17:34:55.839Z", "user": 1, "content_type": 12, "object_id": "20", "object_repr": "اصلی3", "action_flag": 1, "change_message": "[{\"added\": {}}]"}}, {"model": "admin.logentry", "pk": 66, "fields": {"action_time": "2023-12-10T17:35:04.863Z", "user": 1, "content_type": 12, "object_id": "21", "object_repr": "اصلی4", "action_flag": 1, "change_message": "[{\"added\": {}}]"}}, {"model": "admin.logentry", "pk": 67, "fields": {"action_time": "2023-12-10T17:35:37.955Z", "user": 1, "content_type": 12, "object_id": "22", "object_repr": "اصلی4", "action_flag": 1, "change_message": "[{\"added\": {}}]"}}, {"model": "admin.logentry", "pk": 68, "fields": {"action_time": "2023-12-10T17:36:45.842Z", "user": 1, "content_type": 12, "object_id": "23", "object_repr": "اصلی", "action_flag": 1, "change_message": "[{\"added\": {}}]"}}, {"model": "admin.logentry", "pk": 69, "fields": {"action_time": "2023-12-10T17:36:52.966Z", "user": 1, "content_type": 12, "object_id": "24", "object_repr": "اصلی2", "action_flag": 1, "change_message": "[{\"added\": {}}]"}}, {"model": "admin.logentry", "pk": 70, "fields": {"action_time": "2023-12-10T17:37:01.386Z", "user": 1, "content_type": 12, "object_id": "25", "object_repr": "اصلی3", "action_flag": 1, "change_message": "[{\"added\": {}}]"}}, {"model": "admin.logentry", "pk": 71, "fields": {"action_time": "2023-12-10T19:09:48.613Z", "user": 1, "content_type": 15, "object_id": "1", "object_repr": "خواص انگشتری عقیق", "action_flag": 2, "change_message": "[{\"changed\": {\"fields\": [\"Image main\"]}}]"}}, {"model": "admin.logentry", "pk": 72, "fields": {"action_time": "2023-12-10T19:23:38.737Z", "user": 1, "content_type": 15, "object_id": "1", "object_repr": "خواص انگشتری عقیق", "action_flag": 2, "change_message": "[]"}}, {"model": "admin.logentry", "pk": 73, "fields": {"action_time": "2023-12-10T19:23:49.656Z", "user": 1, "content_type": 15, "object_id": "4", "object_repr": "ساعت رومیزی", "action_flag": 2, "change_message": "[]"}}, {"model": "admin.logentry", "pk": 74, "fields": {"action_time": "2023-12-12T12:24:52.862Z", "user": 1, "content_type": 15, "object_id": "2", "object_repr": "انگشتری فیروزه", "action_flag": 2, "change_message": "[{\"changed\": {\"fields\": [\"Content\"]}}]"}}, {"model": "admin.logentry", "pk": 75, "fields": {"action_time": "2023-12-12T12:24:56.208Z", "user": 1, "content_type": 15, "object_id": "1", "object_repr": "خواص انگشتری عقیق", "action_flag": 2, "change_message": "[{\"changed\": {\"fields\": [\"Content\"]}}]"}}, {"model": "admin.logentry", "pk": 76, "fields": {"action_time": "2023-12-12T12:25:14.788Z", "user": 1, "content_type": 15, "object_id": "3", "object_repr": "بیهق باستان", "action_flag": 2, "change_message": "[{\"changed\": {\"fields\": [\"Content\"]}}]"}}, {"model": "admin.logentry", "pk": 77, "fields": {"action_time": "2023-12-12T12:26:26.655Z", "user": 1, "content_type": 15, "object_id": "1", "object_repr": "خواص انگشتری عقیق", "action_flag": 2, "change_message": "[{\"changed\": {\"fields\": [\"Content\"]}}]"}}, {"model": "admin.logentry", "pk": 78, "fields": {"action_time": "2023-12-12T12:27:27.170Z", "user": 1, "content_type": 15, "object_id": "1", "object_repr": "خواص انگشتری عقیق", "action_flag": 2, "change_message": "[{\"changed\": {\"fields\": [\"Content\"]}}]"}}, {"model": "admin.logentry", "pk": 79, "fields": {"action_time": "2023-12-12T12:28:44.760Z", "user": 1, "content_type": 15, "object_id": "2", "object_repr": "انگشتری فیروزه", "action_flag": 2, "change_message": "[{\"changed\": {\"fields\": [\"Content\"]}}]"}}, {"model": "admin.logentry", "pk": 80, "fields": {"action_time": "2023-12-12T12:36:54.801Z", "user": 1, "content_type": 15, "object_id": "2", "object_repr": "انگشتری فیروزه", "action_flag": 2, "change_message": "[{\"changed\": {\"fields\": [\"Content\"]}}]"}}, {"model": "admin.logentry", "pk": 81, "fields": {"action_time": "2023-12-12T12:37:04.695Z", "user": 1, "content_type": 15, "object_id": "1", "object_repr": "خواص انگشتری عقیق", "action_flag": 2, "change_message": "[{\"changed\": {\"fields\": [\"Content\"]}}]"}}, {"model": "admin.logentry", "pk": 82, "fields": {"action_time": "2023-12-12T12:37:09.014Z", "user": 1, "content_type": 15, "object_id": "2", "object_repr": "انگشتری فیروزه", "action_flag": 2, "change_message": "[]"}}, {"model": "admin.logentry", "pk": 83, "fields": {"action_time": "2023-12-12T12:37:14.619Z", "user": 1, "content_type": 15, "object_id": "3", "object_repr": "بیهق باستان", "action_flag": 2, "change_message": "[{\"changed\": {\"fields\": [\"Content\"]}}]"}}, {"model": "admin.logentry", "pk": 84, "fields": {"action_time": "2023-12-12T12:38:15.062Z", "user": 1, "content_type": 15, "object_id": "1", "object_repr": "خواص انگشتری عقیق", "action_flag": 2, "change_message": "[{\"changed\": {\"fields\": [\"Content\"]}}]"}}, {"model": "admin.logentry", "pk": 85, "fields": {"action_time": "2023-12-12T12:38:27.501Z", "user": 1, "content_type": 15, "object_id": "2", "object_repr": "انگشتری فیروزه", "action_flag": 2, "change_message": "[{\"changed\": {\"fields\": [\"Content\"]}}]"}}, {"model": "admin.logentry", "pk": 86, "fields": {"action_time": "2023-12-12T12:39:03.281Z", "user": 1, "content_type": 15, "object_id": "3", "object_repr": "بیهق باستان", "action_flag": 2, "change_message": "[{\"changed\": {\"fields\": [\"Content\"]}}]"}}, {"model": "admin.logentry", "pk": 87, "fields": {"action_time": "2023-12-12T12:39:12.091Z", "user": 1, "content_type": 15, "object_id": "2", "object_repr": "انگشتری فیروزه", "action_flag": 2, "change_message": "[{\"changed\": {\"fields\": [\"Content\"]}}]"}}, {"model": "admin.logentry", "pk": 88, "fields": {"action_time": "2023-12-12T12:39:22.131Z", "user": 1, "content_type": 15, "object_id": "1", "object_repr": "خواص انگشتری عقیق", "action_flag": 2, "change_message": "[{\"changed\": {\"fields\": [\"Content\"]}}]"}}, {"model": "admin.logentry", "pk": 89, "fields": {"action_time": "2023-12-13T15:23:12.932Z", "user": 1, "content_type": 15, "object_id": "3", "object_repr": "بیهق باستان", "action_flag": 2, "change_message": "[{\"changed\": {\"fields\": [\"Image main\"]}}]"}}, {"model": "admin.logentry", "pk": 90, "fields": {"action_time": "2023-12-13T16:21:15.348Z", "user": 1, "content_type": 15, "object_id": "6", "object_repr": "تپانچه", "action_flag": 2, "change_message": "[{\"changed\": {\"fields\": [\"Content\"]}}]"}}, {"model": "admin.logentry", "pk": 91, "fields": {"action_time": "2023-12-13T16:27:44.928Z", "user": 1, "content_type": 15, "object_id": "6", "object_repr": "تپانچه", "action_flag": 2, "change_message": "[{\"changed\": {\"fields\": [\"Content\"]}}]"}}, {"model": "admin.logentry", "pk": 92, "fields": {"action_time": "2023-12-13T16:30:20.495Z", "user": 1, "content_type": 15, "object_id": "6", "object_repr": "تپانچه", "action_flag": 2, "change_message": "[{\"changed\": {\"fields\": [\"Content\"]}}]"}}, {"model": "admin.logentry", "pk": 93, "fields": {"action_time": "2023-12-14T10:50:51.629Z", "user": 1, "content_type": 15, "object_id": "6", "object_repr": "تپانچه", "action_flag": 2, "change_message": "[{\"changed\": {\"fields\": [\"Tag\"]}}]"}}, {"model": "admin.logentry", "pk": 94, "fields": {"action_time": "2023-12-14T10:51:49.879Z", "user": 1, "content_type": 15, "object_id": "6", "object_repr": "تپانچه", "action_flag": 2, "change_message": "[{\"changed\": {\"fields\": [\"Tag\"]}}]"}}, {"model": "admin.logentry", "pk": 95, "fields": {"action_time": "2023-12-14T16:48:52.627Z", "user": 1, "content_type": 15, "object_id": "1", "object_repr": "خواص انگشتری عقیق", "action_flag": 2, "change_message": "[{\"changed\": {\"fields\": [\"Content\"]}}]"}}, {"model": "admin.logentry", "pk": 96, "fields": {"action_time": "2023-12-14T16:49:10.828Z", "user": 1, "content_type": 15, "object_id": "2", "object_repr": "انگشتری فیروزه", "action_flag": 2, "change_message": "[{\"changed\": {\"fields\": [\"Content\"]}}]"}}, {"model": "admin.logentry", "pk": 97, "fields": {"action_time": "2023-12-14T16:49:21.757Z", "user": 1, "content_type": 15, "object_id": "3", "object_repr": "بیهق باستان", "action_flag": 2, "change_message": "[{\"changed\": {\"fields\": [\"Content\"]}}]"}}, {"model": "admin.logentry", "pk": 98, "fields": {"action_time": "2023-12-14T16:49:37.950Z", "user": 1, "content_type": 15, "object_id": "4", "object_repr": "ساعت رومیزی", "action_flag": 2, "change_message": "[{\"changed\": {\"fields\": [\"Content\"]}}]"}}, {"model": "admin.logentry", "pk": 99, "fields": {"action_time": "2023-12-14T16:49:53.309Z", "user": 1, "content_type": 15, "object_id": "5", "object_repr": "میز قدیمی", "action_flag": 2, "change_message": "[{\"changed\": {\"fields\": [\"Content\"]}}]"}}, {"model": "admin.logentry", "pk": 100, "fields": {"action_time": "2023-12-14T16:50:08.524Z", "user": 1, "content_type": 15, "object_id": "6", "object_repr": "تپانچه", "action_flag": 2, "change_message": "[{\"changed\": {\"fields\": [\"Content\"]}}]"}}, {"model": "admin.logentry", "pk": 101, "fields": {"action_time": "2023-12-14T16:50:25.901Z", "user": 1, "content_type": 15, "object_id": "7", "object_repr": "قوری مفرق", "action_flag": 2, "change_message": "[{\"changed\": {\"fields\": [\"Content\"]}}]"}}, {"model": "admin.logentry", "pk": 102, "fields": {"action_time": "2023-12-14T16:50:42.690Z", "user": 1, "content_type": 15, "object_id": "8", "object_repr": "دستبند طلا", "action_flag": 2, "change_message": "[{\"changed\": {\"fields\": [\"Content\"]}}]"}}, {"model": "admin.logentry", "pk": 103, "fields": {"action_time": "2023-12-15T07:02:05.287Z", "user": 1, "content_type": 15, "object_id": "1", "object_repr": "خواص انگشتری عقیق", "action_flag": 2, "change_message": "[{\"changed\": {\"fields\": [\"Content 2\"]}}]"}}, {"model": "admin.logentry", "pk": 104, "fields": {"action_time": "2023-12-15T09:25:14.450Z", "user": 1, "content_type": 15, "object_id": "1", "object_repr": "خواص انگشتری عقیق", "action_flag": 2, "change_message": "[]"}}, {"model": "admin.logentry", "pk": 105, "fields": {"action_time": "2023-12-15T09:26:22.743Z", "user": 1, "content_type": 15, "object_id": "1", "object_repr": "خواص انگشتری عقیق", "action_flag": 2, "change_message": "[{\"changed\": {\"fields\": [\"Content 1\"]}}]"}}, {"model": "admin.logentry", "pk": 106, "fields": {"action_time": "2023-12-15T09:45:59.131Z", "user": 1, "content_type": 15, "object_id": "1", "object_repr": "خواص انگشتری عقیق", "action_flag": 2, "change_message": "[{\"changed\": {\"fields\": [\"Sub title\"]}}]"}}, {"model": "admin.logentry", "pk": 107, "fields": {"action_time": "2023-12-15T09:48:16.622Z", "user": 1, "content_type": 15, "object_id": "1", "object_repr": "خواص انگشتری عقیق", "action_flag": 2, "change_message": "[{\"changed\": {\"fields\": [\"Sub title\"]}}]"}}, {"model": "admin.logentry", "pk": 108, "fields": {"action_time": "2023-12-16T07:22:25.682Z", "user": 1, "content_type": 8, "object_id": "1", "object_repr": "l.o0of.war@gmail.com", "action_flag": 2, "change_message": "[]"}}, {"model": "admin.logentry", "pk": 109, "fields": {"action_time": "2023-12-16T07:23:30.702Z", "user": 1, "content_type": 8, "object_id": "1", "object_repr": "l.o0of.war@gmail.com", "action_flag": 3, "change_message": ""}}, {"model": "admin.logentry", "pk": 110, "fields": {"action_time": "2023-12-16T09:07:16.777Z", "user": 1, "content_type": 8, "object_id": "1", "object_repr": "l.o0of.war@gmail.com", "action_flag": 3, "change_message": ""}}, {"model": "admin.logentry", "pk": 111, "fields": {"action_time": "2023-12-16T09:07:16.782Z", "user": 1, "content_type": 8, "object_id": "2", "object_repr": "wwew@gmail.com", "action_flag": 3, "change_message": ""}}, {"model": "admin.logentry", "pk": 112, "fields": {"action_time": "2023-12-16T09:07:16.785Z", "user": 1, "content_type": 8, "object_id": "3", "object_repr": "Elahifar.amirmahdi@gmail.com", "action_flag": 3, "change_message": ""}}, {"model": "admin.logentry", "pk": 113, "fields": {"action_time": "2023-12-16T09:07:16.789Z", "user": 1, "content_type": 8, "object_id": "4", "object_repr": "BoO@gmail.com", "action_flag": 3, "change_message": ""}}, {"model": "admin.logentry", "pk": 114, "fields": {"action_time": "2023-12-16T09:07:16.792Z", "user": 1, "content_type": 8, "object_id": "5", "object_repr": "BoO@gmail.com", "action_flag": 3, "change_message": ""}}, {"model": "admin.logentry", "pk": 115, "fields": {"action_time": "2023-12-16T10:49:55.597Z", "user": 1, "content_type": 8, "object_id": "16", "object_repr": "shahraeini.s@gmail.com", "action_flag": 3, "change_message": ""}}, {"model": "admin.logentry", "pk": 116, "fields": {"action_time": "2023-12-16T10:49:55.600Z", "user": 1, "content_type": 8, "object_id": "15", "object_repr": "l.o0of.war@gmail.com", "action_flag": 3, "change_message": ""}}, {"model": "admin.logentry", "pk": 117, "fields": {"action_time": "2023-12-16T10:49:55.603Z", "user": 1, "content_type": 8, "object_id": "14", "object_repr": "wwew@gmail.com", "action_flag": 3, "change_message": ""}}, {"model": "admin.logentry", "pk": 118, "fields": {"action_time": "2023-12-16T10:49:55.606Z", "user": 1, "content_type": 8, "object_id": "13", "object_repr": "shahraeini.s@gmail.com", "action_flag": 3, "change_message": ""}}, {"model": "admin.logentry", "pk": 119, "fields": {"action_time": "2023-12-16T10:49:55.611Z", "user": 1, "content_type": 8, "object_id": "12", "object_repr": "dffds@gmail.com", "action_flag": 3, "change_message": ""}}, {"model": "admin.logentry", "pk": 120, "fields": {"action_time": "2023-12-16T10:49:55.614Z", "user": 1, "content_type": 8, "object_id": "11", "object_repr": "l.o0of.war@gmail.com", "action_flag": 3, "change_message": ""}}, {"model": "admin.logentry", "pk": 121, "fields": {"action_time": "2023-12-16T10:49:55.617Z", "user": 1, "content_type": 8, "object_id": "10", "object_repr": "elahifar.s94@gmail.com", "action_flag": 3, "change_message": ""}}, {"model": "admin.logentry", "pk": 122, "fields": {"action_time": "2023-12-16T10:49:55.619Z", "user": 1, "content_type": 8, "object_id": "9", "object_repr": "wwew@gmail.com", "action_flag": 3, "change_message": ""}}, {"model": "admin.logentry", "pk": 123, "fields": {"action_time": "2023-12-16T10:49:55.622Z", "user": 1, "content_type": 8, "object_id": "8", "object_repr": "l.o0of.war@gmail.com", "action_flag": 3, "change_message": ""}}, {"model": "admin.logentry", "pk": 124, "fields": {"action_time": "2023-12-16T10:49:55.626Z", "user": 1, "content_type": 8, "object_id": "7", "object_repr": "BoO@gmail.com", "action_flag": 3, "change_message": ""}}, {"model": "admin.logentry", "pk": 125, "fields": {"action_time": "2023-12-16T10:49:55.629Z", "user": 1, "content_type": 8, "object_id": "6", "object_repr": "shahraeini.s@gmail.com", "action_flag": 3, "change_message": ""}}, {"model": "admin.logentry", "pk": 126, "fields": {"action_time": "2023-12-16T10:51:14.846Z", "user": 1, "content_type": 8, "object_id": "18", "object_repr": "wwew@gmail.com", "action_flag": 3, "change_message": ""}}, {"model": "admin.logentry", "pk": 127, "fields": {"action_time": "2023-12-16T10:51:14.851Z", "user": 1, "content_type": 8, "object_id": "17", "object_repr": "l.o0of.war@gmail.com", "action_flag": 3, "change_message": ""}}, {"model": "admin.logentry", "pk": 128, "fields": {"action_time": "2023-12-16T15:16:29.720Z", "user": 1, "content_type": 8, "object_id": "32", "object_repr": "BoO@gmail.com", "action_flag": 3, "change_message": ""}}, {"model": "admin.logentry", "pk": 129, "fields": {"action_time": "2023-12-16T15:16:29.723Z", "user": 1, "content_type": 8, "object_id": "31", "object_repr": "elahifar.s94@gmail.com", "action_flag": 3, "change_message": ""}}, {"model": "admin.logentry", "pk": 130, "fields": {"action_time": "2023-12-16T15:16:29.726Z", "user": 1, "content_type": 8, "object_id": "30", "object_repr": "BoO@gmail.com", "action_flag": 3, "change_message": ""}}, {"model": "admin.logentry", "pk": 131, "fields": {"action_time": "2023-12-16T15:16:29.729Z", "user": 1, "content_type": 8, "object_id": "29", "object_repr": "Elahifar.amirmahdi@gmail.com", "action_flag": 3, "change_message": ""}}, {"model": "admin.logentry", "pk": 132, "fields": {"action_time": "2023-12-16T15:16:29.731Z", "user": 1, "content_type": 8, "object_id": "28", "object_repr": "BoO@gmail.com", "action_flag": 3, "change_message": ""}}, {"model": "admin.logentry", "pk": 133, "fields": {"action_time": "2023-12-16T15:16:29.734Z", "user": 1, "content_type": 8, "object_id": "27", "object_repr": "l.o0of.war@gmail.com", "action_flag": 3, "change_message": ""}}, {"model": "admin.logentry", "pk": 134, "fields": {"action_time": "2023-12-16T15:16:29.737Z", "user": 1, "content_type": 8, "object_id": "26", "object_repr": "Elahifar.amirmahdi@gmail.com", "action_flag": 3, "change_message": ""}}, {"model": "admin.logentry", "pk": 135, "fields": {"action_time": "2023-12-16T15:16:29.739Z", "user": 1, "content_type": 8, "object_id": "25", "object_repr": "wwew@gmail.com", "action_flag": 3, "change_message": ""}}, {"model": "admin.logentry", "pk": 136, "fields": {"action_time": "2023-12-16T15:16:29.742Z", "user": 1, "content_type": 8, "object_id": "24", "object_repr": "l.o0of.war@gmail.com", "action_flag": 3, "change_message": ""}}, {"model": "admin.logentry", "pk": 137, "fields": {"action_time": "2023-12-16T15:16:29.745Z", "user": 1, "content_type": 8, "object_id": "23", "object_repr": "shahraeini.s@gmail.com", "action_flag": 3, "change_message": ""}}, {"model": "admin.logentry", "pk": 138, "fields": {"action_time": "2023-12-16T15:16:29.747Z", "user": 1, "content_type": 8, "object_id": "22", "object_repr": "Elahifar.amirmahdi@gmail.com", "action_flag": 3, "change_message": ""}}, {"model": "admin.logentry", "pk": 139, "fields": {"action_time": "2023-12-16T15:16:29.750Z", "user": 1, "content_type": 8, "object_id": "21", "object_repr": "Elahifar.amirmahdi@gmail.com", "action_flag": 3, "change_message": ""}}, {"model": "admin.logentry", "pk": 140, "fields": {"action_time": "2023-12-16T15:16:29.753Z", "user": 1, "content_type": 8, "object_id": "20", "object_repr": "elahifar.s94@gmail.com", "action_flag": 3, "change_message": ""}}, {"model": "admin.logentry", "pk": 141, "fields": {"action_time": "2023-12-16T15:16:29.755Z", "user": 1, "content_type": 8, "object_id": "19", "object_repr": "shahraeini.s@gmail.com", "action_flag": 3, "change_message": ""}}, {"model": "admin.logentry", "pk": 142, "fields": {"action_time": "2023-12-16T15:50:54.466Z", "user": 1, "content_type": 12, "object_id": "9", "object_repr": "/media/blog/1-4.jpg", "action_flag": 3, "change_message": ""}}, {"model": "admin.logentry", "pk": 143, "fields": {"action_time": "2023-12-16T15:50:54.471Z", "user": 1, "content_type": 12, "object_id": "8", "object_repr": "/media/blog/1-3.jpg", "action_flag": 3, "change_message": ""}}, {"model": "admin.logentry", "pk": 144, "fields": {"action_time": "2023-12-16T15:50:54.474Z", "user": 1, "content_type": 12, "object_id": "7", "object_repr": "/media/blog/1-2.jpg", "action_flag": 3, "change_message": ""}}, {"model": "admin.logentry", "pk": 145, "fields": {"action_time": "2023-12-16T15:50:54.477Z", "user": 1, "content_type": 12, "object_id": "6", "object_repr": "/media/blog/1_G4iPH0v.jpg", "action_flag": 3, "change_message": ""}}, {"model": "admin.logentry", "pk": 146, "fields": {"action_time": "2023-12-16T15:54:00.722Z", "user": 1, "content_type": 12, "object_id": "26", "object_repr": "/media/blog/1-1_RTLGh9a.jpg", "action_flag": 1, "change_message": "[{\"added\": {}}]"}}, {"model": "admin.logentry", "pk": 147, "fields": {"action_time": "2023-12-16T15:54:18.557Z", "user": 1, "content_type": 12, "object_id": "27", "object_repr": "/media/blog/1-2_xSUOJf8.jpg", "action_flag": 1, "change_message": "[{\"added\": {}}]"}}, {"model": "admin.logentry", "pk": 148, "fields": {"action_time": "2023-12-16T15:54:39.387Z", "user": 1, "content_type": 12, "object_id": "28", "object_repr": "/media/blog/1-3_OFxvBQx.jpg", "action_flag": 1, "change_message": "[{\"added\": {}}]"}}, {"model": "admin.logentry", "pk": 149, "fields": {"action_time": "2023-12-16T15:54:50.913Z", "user": 1, "content_type": 12, "object_id": "29", "object_repr": "/media/blog/1-4_9GZxyK2.jpg", "action_flag": 1, "change_message": "[{\"added\": {}}]"}}, {"model": "admin.logentry", "pk": 150, "fields": {"action_time": "2023-12-16T17:49:09.456Z", "user": 1, "content_type": 15, "object_id": "3", "object_repr": "بیهق باستان", "action_flag": 2, "change_message": "[{\"changed\": {\"fields\": [\"Content 2\"]}}]"}}, {"model": "admin.logentry", "pk": 151, "fields": {"action_time": "2023-12-16T17:49:16.447Z", "user": 1, "content_type": 15, "object_id": "1", "object_repr": "خواص انگشتری عقیق", "action_flag": 2, "change_message": "[]"}}, {"model": "admin.logentry", "pk": 152, "fields": {"action_time": "2023-12-28T08:45:48.602Z", "user": 1, "content_type": 14, "object_id": "1", "object_repr": "ali", "action_flag": 2, "change_message": "[{\"changed\": {\"fields\": [\"Approved\"]}}]"}}, {"model": "admin.logentry", "pk": 153, "fields": {"action_time": "2023-12-28T08:48:24.302Z", "user": 1, "content_type": 14, "object_id": "1", "object_repr": "ali", "action_flag": 2, "change_message": "[{\"changed\": {\"fields\": [\"Approved\"]}}]"}}, {"model": "admin.logentry", "pk": 154, "fields": {"action_time": "2023-12-28T08:53:56.713Z", "user": 1, "content_type": 14, "object_id": "1", "object_repr": "ali", "action_flag": 2, "change_message": "[{\"changed\": {\"fields\": [\"Approved\"]}}]"}}, {"model": "admin.logentry", "pk": 155, "fields": {"action_time": "2023-12-28T10:04:40.228Z", "user": 1, "content_type": 14, "object_id": "6", "object_repr": "Hessam", "action_flag": 2, "change_message": "[{\"changed\": {\"fields\": [\"Approved\"]}}]"}}, {"model": "admin.logentry", "pk": 156, "fields": {"action_time": "2023-12-28T10:04:45.929Z", "user": 1, "content_type": 14, "object_id": "5", "object_repr": "saman", "action_flag": 2, "change_message": "[{\"changed\": {\"fields\": [\"Approved\"]}}]"}}, {"model": "admin.logentry", "pk": 157, "fields": {"action_time": "2023-12-28T10:04:49.180Z", "user": 1, "content_type": 14, "object_id": "4", "object_repr": "Mr.BoO", "action_flag": 2, "change_message": "[{\"changed\": {\"fields\": [\"Approved\"]}}]"}}, {"model": "admin.logentry", "pk": 158, "fields": {"action_time": "2023-12-28T10:04:51.919Z", "user": 1, "content_type": 14, "object_id": "3", "object_repr": "Mr.BoO", "action_flag": 2, "change_message": "[{\"changed\": {\"fields\": [\"Approved\"]}}]"}}, {"model": "admin.logentry", "pk": 159, "fields": {"action_time": "2023-12-28T10:04:55.175Z", "user": 1, "content_type": 14, "object_id": "1", "object_repr": "ali", "action_flag": 2, "change_message": "[{\"changed\": {\"fields\": [\"Approved\"]}}]"}}, {"model": "admin.logentry", "pk": 160, "fields": {"action_time": "2023-12-30T08:26:50.693Z", "user": 1, "content_type": 17, "object_id": "1", "object_repr": "گالری فروردین 1403", "action_flag": 1, "change_message": "[{\"added\": {}}]"}}, {"model": "admin.logentry", "pk": 161, "fields": {"action_time": "2023-12-30T08:27:07.210Z", "user": 1, "content_type": 17, "object_id": "2", "object_repr": "گالری اردیبهشت 1403", "action_flag": 1, "change_message": "[{\"added\": {}}]"}}, {"model": "admin.logentry", "pk": 162, "fields": {"action_time": "2023-12-30T08:27:24.505Z", "user": 1, "content_type": 17, "object_id": "3", "object_repr": "گالری دی 1402", "action_flag": 1, "change_message": "[{\"added\": {}}]"}}, {"model": "admin.logentry", "pk": 163, "fields": {"action_time": "2023-12-30T08:27:34.182Z", "user": 1, "content_type": 17, "object_id": "4", "object_repr": "گالری اسفند 1402", "action_flag": 1, "change_message": "[{\"added\": {}}]"}}, {"model": "admin.logentry", "pk": 164, "fields": {"action_time": "2023-12-30T08:27:45.398Z", "user": 1, "content_type": 17, "object_id": "5", "object_repr": "گالری دی 1403", "action_flag": 1, "change_message": "[{\"added\": {}}]"}}, {"model": "admin.logentry", "pk": 165, "fields": {"action_time": "2023-12-30T08:27:54.198Z", "user": 1, "content_type": 17, "object_id": "6", "object_repr": "گالری بهمن 1402", "action_flag": 1, "change_message": "[{\"added\": {}}]"}}, {"model": "admin.logentry", "pk": 166, "fields": {"action_time": "2023-12-30T08:28:06.505Z", "user": 1, "content_type": 17, "object_id": "7", "object_repr": "گالری تیر 1403", "action_flag": 1, "change_message": "[{\"added\": {}}]"}}, {"model": "admin.logentry", "pk": 167, "fields": {"action_time": "2023-12-30T08:28:19.626Z", "user": 1, "content_type": 17, "object_id": "8", "object_repr": "گالری خرداد 1402", "action_flag": 1, "change_message": "[{\"added\": {}}]"}}, {"model": "admin.logentry", "pk": 168, "fields": {"action_time": "2023-12-30T08:28:34.384Z", "user": 1, "content_type": 17, "object_id": "9", "object_repr": "گالری مهر 1402", "action_flag": 1, "change_message": "[{\"added\": {}}]"}}, {"model": "admin.logentry", "pk": 169, "fields": {"action_time": "2023-12-30T08:28:55.414Z", "user": 1, "content_type": 16, "object_id": "1", "object_repr": "سماور", "action_flag": 1, "change_message": "[{\"added\": {}}]"}}, {"model": "admin.logentry", "pk": 170, "fields": {"action_time": "2023-12-30T08:28:59.807Z", "user": 1, "content_type": 16, "object_id": "2", "object_repr": "روسی", "action_flag": 1, "change_message": "[{\"added\": {}}]"}}, {"model": "admin.logentry", "pk": 171, "fields": {"action_time": "2023-12-30T08:29:05.802Z", "user": 1, "content_type": 16, "object_id": "3", "object_repr": "انگشتر", "action_flag": 1, "change_message": "[{\"added\": {}}]"}}, {"model": "admin.logentry", "pk": 172, "fields": {"action_time": "2023-12-30T08:29:11.244Z", "user": 1, "content_type": 16, "object_id": "4", "object_repr": "عقیق", "action_flag": 1, "change_message": "[{\"added\": {}}]"}}, {"model": "admin.logentry", "pk": 173, "fields": {"action_time": "2023-12-30T08:29:16.368Z", "user": 1, "content_type": 16, "object_id": "5", "object_repr": "برنزی", "action_flag": 1, "change_message": "[{\"added\": {}}]"}}, {"model": "admin.logentry", "pk": 174, "fields": {"action_time": "2023-12-30T08:29:21.308Z", "user": 1, "content_type": 16, "object_id": "6", "object_repr": "نقره", "action_flag": 1, "change_message": "[{\"added\": {}}]"}}, {"model": "admin.logentry", "pk": 175, "fields": {"action_time": "2023-12-30T08:29:29.751Z", "user": 1, "content_type": 16, "object_id": "7", "object_repr": "مس کوب", "action_flag": 1, "change_message": "[{\"added\": {}}]"}}, {"model": "admin.logentry", "pk": 176, "fields": {"action_time": "2023-12-30T08:29:36.126Z", "user": 1, "content_type": 16, "object_id": "8", "object_repr": "نقره کوب", "action_flag": 1, "change_message": "[{\"added\": {}}]"}}, {"model": "admin.logentry", "pk": 177, "fields": {"action_time": "2023-12-30T08:29:43.742Z", "user": 1, "content_type": 16, "object_id": "9", "object_repr": "طلا کوب", "action_flag": 1, "change_message": "[{\"added\": {}}]"}}, {"model": "admin.logentry", "pk": 178, "fields": {"action_time": "2023-12-30T08:29:48.405Z", "user": 1, "content_type": 16, "object_id": "10", "object_repr": "طلا", "action_flag": 1, "change_message": "[{\"added\": {}}]"}}, {"model": "admin.logentry", "pk": 179, "fields": {"action_time": "2023-12-30T08:29:52.177Z", "user": 1, "content_type": 16, "object_id": "11", "object_repr": "مس وار", "action_flag": 1, "change_message": "[{\"added\": {}}]"}}, {"model": "admin.logentry", "pk": 180, "fields": {"action_time": "2023-12-30T08:29:57.175Z", "user": 1, "content_type": 16, "object_id": "12", "object_repr": "ا", "action_flag": 1, "change_message": "[{\"added\": {}}]"}}, {"model": "admin.logentry", "pk": 181, "fields": {"action_time": "2023-12-30T08:30:22.642Z", "user": 1, "content_type": 16, "object_id": "12", "object_repr": "انگشتر", "action_flag": 2, "change_message": "[{\"changed\": {\"fields\": [\"Name\"]}}]"}}, {"model": "admin.logentry", "pk": 182, "fields": {"action_time": "2023-12-30T08:30:31.838Z", "user": 1, "content_type": 16, "object_id": "13", "object_repr": "انگشتر", "action_flag": 1, "change_message": "[{\"added\": {}}]"}}, {"model": "admin.logentry", "pk": 183, "fields": {"action_time": "2023-12-30T08:30:41.677Z", "user": 1, "content_type": 16, "object_id": "12", "object_repr": "انگشتر", "action_flag": 3, "change_message": ""}}, {"model": "admin.logentry", "pk": 184, "fields": {"action_time": "2023-12-30T08:30:57.975Z", "user": 1, "content_type": 16, "object_id": "14", "object_repr": "داس و چکش", "action_flag": 1, "change_message": "[{\"added\": {}}]"}}, {"model": "admin.logentry", "pk": 185, "fields": {"action_time": "2023-12-30T08:31:05.379Z", "user": 1, "content_type": 16, "object_id": "15", "object_repr": "بلوری", "action_flag": 1, "change_message": "[{\"added\": {}}]"}}, {"model": "admin.logentry", "pk": 186, "fields": {"action_time": "2023-12-30T08:31:09.795Z", "user": 1, "content_type": 16, "object_id": "16", "object_repr": "سفالی", "action_flag": 1, "change_message": "[{\"added\": {}}]"}}, {"model": "admin.logentry", "pk": 187, "fields": {"action_time": "2023-12-30T08:31:14.260Z", "user": 1, "content_type": 16, "object_id": "17", "object_repr": "چرمی", "action_flag": 1, "change_message": "[{\"added\": {}}]"}}, {"model": "admin.logentry", "pk": 188, "fields": {"action_time": "2023-12-30T08:31:19.254Z", "user": 1, "content_type": 16, "object_id": "18", "object_repr": "چدن", "action_flag": 1, "change_message": "[{\"added\": {}}]"}}, {"model": "admin.logentry", "pk": 189, "fields": {"action_time": "2023-12-30T08:31:27.021Z", "user": 1, "content_type": 16, "object_id": "19", "object_repr": "فرانسوی", "action_flag": 1, "change_message": "[{\"added\": {}}]"}}, {"model": "admin.logentry", "pk": 190, "fields": {"action_time": "2023-12-30T08:31:40.817Z", "user": 1, "content_type": 16, "object_id": "20", "object_repr": "فیروزه", "action_flag": 1, "change_message": "[{\"added\": {}}]"}}, {"model": "admin.logentry", "pk": 191, "fields": {"action_time": "2023-12-30T08:31:52.112Z", "user": 1, "content_type": 16, "object_id": "21", "object_repr": "معدنی", "action_flag": 1, "change_message": "[{\"added\": {}}]"}}, {"model": "admin.logentry", "pk": 192, "fields": {"action_time": "2023-12-30T09:04:40.939Z", "user": 1, "content_type": 18, "object_id": "1", "object_repr": "ظروف چینی", "action_flag": 1, "change_message": "[{\"added\": {}}]"}}, {"model": "admin.logentry", "pk": 193, "fields": {"action_time": "2023-12-30T09:08:23.168Z", "user": 1, "content_type": 18, "object_id": "2", "object_repr": "رادیو", "action_flag": 1, "change_message": "[{\"added\": {}}]"}}, {"model": "admin.logentry", "pk": 194, "fields": {"action_time": "2023-12-30T09:08:46.848Z", "user": 1, "content_type": 18, "object_id": "2", "object_repr": "رادیو", "action_flag": 2, "change_message": "[]"}}, {"model": "admin.logentry", "pk": 195, "fields": {"action_time": "2023-12-30T09:10:49.476Z", "user": 1, "content_type": 18, "object_id": "2", "object_repr": "رادیو", "action_flag": 2, "change_message": "[{\"changed\": {\"fields\": [\"Sub title\", \"Product age\", \"Dimensions\", \"Material\", \"Weight\", \"Color\", \"More info\", \"Tag\"]}}]"}}, {"model": "admin.logentry", "pk": 196, "fields": {"action_time": "2023-12-30T09:11:00.017Z", "user": 1, "content_type": 18, "object_id": "2", "object_repr": "رادیو", "action_flag": 2, "change_message": "[{\"changed\": {\"fields\": [\"Product id\"]}}]"}}, {"model": "admin.logentry", "pk": 197, "fields": {"action_time": "2023-12-30T09:14:44.977Z", "user": 1, "content_type": 18, "object_id": "3", "object_repr": "ماشین سرو خودکار", "action_flag": 1, "change_message": "[{\"added\": {}}]"}}, {"model": "admin.logentry", "pk": 198, "fields": {"action_time": "2023-12-30T09:17:59.033Z", "user": 1, "content_type": 18, "object_id": "4", "object_repr": "زره", "action_flag": 1, "change_message": "[{\"added\": {}}]"}}, {"model": "admin.logentry", "pk": 199, "fields": {"action_time": "2023-12-30T09:20:02.673Z", "user": 1, "content_type": 16, "object_id": "22", "object_repr": "چوبی", "action_flag": 1, "change_message": "[{\"added\": {}}]"}}, {"model": "admin.logentry", "pk": 200, "fields": {"action_time": "2023-12-30T09:20:12.119Z", "user": 1, "content_type": 16, "object_id": "23", "object_repr": "عتیقه", "action_flag": 1, "change_message": "[{\"added\": {}}]"}}, {"model": "admin.logentry", "pk": 201, "fields": {"action_time": "2023-12-30T09:20:23.640Z", "user": 1, "content_type": 16, "object_id": "24", "object_repr": "دیجیتالی", "action_flag": 1, "change_message": "[{\"added\": {}}]"}}, {"model": "admin.logentry", "pk": 202, "fields": {"action_time": "2023-12-30T09:20:28.681Z", "user": 1, "content_type": 16, "object_id": "25", "object_repr": "لامپی", "action_flag": 1, "change_message": "[{\"added\": {}}]"}}, {"model": "admin.logentry", "pk": 203, "fields": {"action_time": "2023-12-30T09:20:33.817Z", "user": 1, "content_type": 18, "object_id": "5", "object_repr": "دوربین", "action_flag": 1, "change_message": "[{\"added\": {}}]"}}, {"model": "admin.logentry", "pk": 204, "fields": {"action_time": "2023-12-30T09:22:34.782Z", "user": 1, "content_type": 16, "object_id": "26", "object_repr": "فلزی", "action_flag": 1, "change_message": "[{\"added\": {}}]"}}, {"model": "admin.logentry", "pk": 205, "fields": {"action_time": "2023-12-30T09:23:19.468Z", "user": 1, "content_type": 18, "object_id": "6", "object_repr": "سنگ چاپ", "action_flag": 1, "change_message": "[{\"added\": {}}]"}}, {"model": "admin.logentry", "pk": 206, "fields": {"action_time": "2023-12-30T11:35:11.060Z", "user": 1, "content_type": 18, "object_id": "7", "object_repr": "کتاب قدیمی", "action_flag": 1, "change_message": "[{\"added\": {}}]"}}, {"model": "admin.logentry", "pk": 207, "fields": {"action_time": "2023-12-30T11:38:25.591Z", "user": 1, "content_type": 18, "object_id": "8", "object_repr": "لوستر", "action_flag": 1, "change_message": "[{\"added\": {}}]"}}, {"model": "admin.logentry", "pk": 208, "fields": {"action_time": "2023-12-30T11:42:10.148Z", "user": 1, "content_type": 18, "object_id": "9", "object_repr": "قطب نما", "action_flag": 1, "change_message": "[{\"added\": {}}]"}}, {"model": "admin.logentry", "pk": 209, "fields": {"action_time": "2023-12-30T11:46:08.101Z", "user": 1, "content_type": 18, "object_id": "10", "object_repr": "ساعت جیبی", "action_flag": 1, "change_message": "[{\"added\": {}}]"}}, {"model": "admin.logentry", "pk": 210, "fields": {"action_time": "2023-12-30T11:47:55.560Z", "user": 1, "content_type": 18, "object_id": "11", "object_repr": "ساعت رومیزی", "action_flag": 1, "change_message": "[{\"added\": {}}]"}}, {"model": "admin.logentry", "pk": 211, "fields": {"action_time": "2023-12-30T11:49:42.259Z", "user": 1, "content_type": 18, "object_id": "12", "object_repr": "نوار گرام", "action_flag": 1, "change_message": "[{\"added\": {}}]"}}, {"model": "admin.logentry", "pk": 212, "fields": {"action_time": "2023-12-30T11:52:19.757Z", "user": 1, "content_type": 18, "object_id": "13", "object_repr": "گرام", "action_flag": 1, "change_message": "[{\"added\": {}}]"}}, {"model": "admin.logentry", "pk": 213, "fields": {"action_time": "2023-12-30T11:54:53.772Z", "user": 1, "content_type": 16, "object_id": "27", "object_repr": "گلیم", "action_flag": 1, "change_message": "[{\"added\": {}}]"}}, {"model": "admin.logentry", "pk": 214, "fields": {"action_time": "2023-12-30T11:54:59.424Z", "user": 1, "content_type": 16, "object_id": "28", "object_repr": "فرش", "action_flag": 1, "change_message": "[{\"added\": {}}]"}}, {"model": "admin.logentry", "pk": 215, "fields": {"action_time": "2023-12-30T11:55:19.381Z", "user": 1, "content_type": 18, "object_id": "14", "object_repr": "گلیم", "action_flag": 1, "change_message": "[{\"added\": {}}]"}}, {"model": "admin.logentry", "pk": 216, "fields": {"action_time": "2023-12-30T12:22:40.544Z", "user": 1, "content_type": 18, "object_id": "15", "object_repr": "دوأچرخه", "action_flag": 1, "change_message": "[{\"added\": {}}]"}}, {"model": "admin.logentry", "pk": 217, "fields": {"action_time": "2023-12-30T12:24:55.132Z", "user": 1, "content_type": 16, "object_id": "29", "object_repr": "فولادی", "action_flag": 1, "change_message": "[{\"added\": {}}]"}}, {"model": "admin.logentry", "pk": 218, "fields": {"action_time": "2023-12-30T12:25:00.084Z", "user": 1, "content_type": 18, "object_id": "16", "object_repr": "در کوب", "action_flag": 1, "change_message": "[{\"added\": {}}]"}}, {"model": "admin.logentry", "pk": 219, "fields": {"action_time": "2023-12-30T12:26:56.600Z", "user": 1, "content_type": 18, "object_id": "17", "object_repr": "تلفن لامپی", "action_flag": 1, "change_message": "[{\"added\": {}}]"}}, {"model": "admin.logentry", "pk": 220, "fields": {"action_time": "2023-12-30T12:29:40.022Z", "user": 1, "content_type": 18, "object_id": "18", "object_repr": "کره ی زمین", "action_flag": 1, "change_message": "[{\"added\": {}}]"}}, {"model": "admin.logentry", "pk": 221, "fields": {"action_time": "2023-12-30T12:32:38.988Z", "user": 1, "content_type": 18, "object_id": "19", "object_repr": "ماشین تایپ", "action_flag": 1, "change_message": "[{\"added\": {}}]"}}, {"model": "admin.logentry", "pk": 222, "fields": {"action_time": "2023-12-30T12:36:55.122Z", "user": 1, "content_type": 18, "object_id": "20", "object_repr": "چرخ خیاطی", "action_flag": 1, "change_message": "[{\"added\": {}}]"}}, {"model": "admin.logentry", "pk": 223, "fields": {"action_time": "2023-12-30T12:37:22.116Z", "user": 1, "content_type": 18, "object_id": "20", "object_repr": "چرخ خیاطی", "action_flag": 2, "change_message": "[{\"changed\": {\"fields\": [\"Sub title\"]}}]"}}, {"model": "admin.logentry", "pk": 224, "fields": {"action_time": "2023-12-30T12:39:09.316Z", "user": 1, "content_type": 19, "object_id": "1", "object_repr": "/media/product/mitchell-luo-x62nCKSmUNE-unsplash.jpg", "action_flag": 1, "change_message": "[{\"added\": {}}]"}}, {"model": "admin.logentry", "pk": 225, "fields": {"action_time": "2023-12-30T12:40:25.091Z", "user": 1, "content_type": 19, "object_id": "2", "object_repr": "/media/product/caleb-lucas-56511oncXMc-unsplash.jpg", "action_flag": 1, "change_message": "[{\"added\": {}}]"}}, {"model": "admin.logentry", "pk": 226, "fields": {"action_time": "2023-12-30T12:40:38.892Z", "user": 1, "content_type": 19, "object_id": "3", "object_repr": "/media/product/stephanie-harvey-sTgmxWNK9rY-unsplash.jpg", "action_flag": 1, "change_message": "[{\"added\": {}}]"}}, {"model": "admin.logentry", "pk": 227, "fields": {"action_time": "2023-12-30T12:40:58.442Z", "user": 1, "content_type": 19, "object_id": "4", "object_repr": "/media/product/alexandre-valdivia-8hILOCKw5yA-unsplash.jpg", "action_flag": 1, "change_message": "[{\"added\": {}}]"}}, {"model": "admin.logentry", "pk": 228, "fields": {"action_time": "2023-12-30T12:41:08.085Z", "user": 1, "content_type": 19, "object_id": "5", "object_repr": "/media/product/jasmin-schreiber-w2GAHcFrgXM-unsplash.jpg", "action_flag": 1, "change_message": "[{\"added\": {}}]"}}, {"model": "admin.logentry", "pk": 229, "fields": {"action_time": "2023-12-30T12:41:40.819Z", "user": 1, "content_type": 19, "object_id": "6", "object_repr": "/media/product/patrick-schrodter-YqwBH413O4k-unsplash.jpg", "action_flag": 1, "change_message": "[{\"added\": {}}]"}}, {"model": "admin.logentry", "pk": 230, "fields": {"action_time": "2023-12-30T12:41:48.694Z", "user": 1, "content_type": 19, "object_id": "7", "object_repr": "/media/product/firdaus-roslan-5uXz8YbHhCQ-unsplash.jpg", "action_flag": 1, "change_message": "[{\"added\": {}}]"}}, {"model": "admin.logentry", "pk": 231, "fields": {"action_time": "2023-12-30T12:41:59.017Z", "user": 1, "content_type": 19, "object_id": "8", "object_repr": "/media/product/abhay-santhosh-xGu5K6ChAuU-unsplash.jpg", "action_flag": 1, "change_message": "[{\"added\": {}}]"}}, {"model": "admin.logentry", "pk": 232, "fields": {"action_time": "2023-12-30T12:42:06.525Z", "user": 1, "content_type": 19, "object_id": "9", "object_repr": "/media/product/will-francis-_J3oTl6acVg-unsplash.jpg", "action_flag": 1, "change_message": "[{\"added\": {}}]"}}, {"model": "admin.logentry", "pk": 233, "fields": {"action_time": "2023-12-30T12:42:15.397Z", "user": 1, "content_type": 19, "object_id": "10", "object_repr": "/media/product/christian-lue-yKbC9HQR3u0-unsplash.jpg", "action_flag": 1, "change_message": "[{\"added\": {}}]"}}, {"model": "admin.logentry", "pk": 234, "fields": {"action_time": "2023-12-30T12:42:41.011Z", "user": 1, "content_type": 19, "object_id": "11", "object_repr": "/media/product/david-carboni-xvkSnspiETA-unsplash.jpg", "action_flag": 1, "change_message": "[{\"added\": {}}]"}}, {"model": "admin.logentry", "pk": 235, "fields": {"action_time": "2023-12-30T12:42:50.787Z", "user": 1, "content_type": 19, "object_id": "12", "object_repr": "/media/product/ramiro-mendes-sMCBEI5zkqc-unsplash.jpg", "action_flag": 1, "change_message": "[{\"added\": {}}]"}}, {"model": "admin.logentry", "pk": 236, "fields": {"action_time": "2023-12-30T12:43:03.705Z", "user": 1, "content_type": 19, "object_id": "13", "object_repr": "/media/product/ramiro-mendes-sMCBEI5zkqc-unsplash_FybmCOD.jpg", "action_flag": 1, "change_message": "[{\"added\": {}}]"}}, {"model": "admin.logentry", "pk": 237, "fields": {"action_time": "2023-12-30T12:43:12.198Z", "user": 1, "content_type": 19, "object_id": "14", "object_repr": "/media/product/denny-muller-u2zSzMTwIjQ-unsplash.jpg", "action_flag": 1, "change_message": "[{\"added\": {}}]"}}, {"model": "admin.logentry", "pk": 238, "fields": {"action_time": "2023-12-30T12:43:25.716Z", "user": 1, "content_type": 19, "object_id": "15", "object_repr": "/media/product/ricardo-cruz-P8LZaU52NME-unsplash.jpg", "action_flag": 1, "change_message": "[{\"added\": {}}]"}}, {"model": "admin.logentry", "pk": 239, "fields": {"action_time": "2023-12-30T12:43:37.756Z", "user": 1, "content_type": 19, "object_id": "16", "object_repr": "/media/product/jonathan-kemper-zE612_hD6GI-unsplash.jpg", "action_flag": 1, "change_message": "[{\"added\": {}}]"}}, {"model": "admin.logentry", "pk": 240, "fields": {"action_time": "2023-12-30T12:43:47.455Z", "user": 1, "content_type": 19, "object_id": "17", "object_repr": "/media/product/artur-tumasjan-rnLBHFfY6e0-unsplash.jpg", "action_flag": 1, "change_message": "[{\"added\": {}}]"}}, {"model": "admin.logentry", "pk": 241, "fields": {"action_time": "2023-12-30T12:43:55.819Z", "user": 1, "content_type": 19, "object_id": "18", "object_repr": "/media/product/elimende-inagella-Dq1LIp47cUc-unsplash.jpg", "action_flag": 1, "change_message": "[{\"added\": {}}]"}}, {"model": "admin.logentry", "pk": 242, "fields": {"action_time": "2023-12-30T12:44:04.648Z", "user": 1, "content_type": 19, "object_id": "19", "object_repr": "/media/product/nik-shuliahin-JOzv_pAkcMk-unsplash.jpg", "action_flag": 1, "change_message": "[{\"added\": {}}]"}}, {"model": "admin.logentry", "pk": 243, "fields": {"action_time": "2023-12-30T12:44:12.907Z", "user": 1, "content_type": 19, "object_id": "20", "object_repr": "/media/product/faria-anzum-M-i50fyEudo-unsplash.jpg", "action_flag": 1, "change_message": "[{\"added\": {}}]"}}, {"model": "admin.logentry", "pk": 244, "fields": {"action_time": "2023-12-30T12:45:41.901Z", "user": 1, "content_type": 19, "object_id": "21", "object_repr": "/media/product/johnny-briggs-6bhhqbM7ewE-unsplash.jpg", "action_flag": 1, "change_message": "[{\"added\": {}}]"}}, {"model": "admin.logentry", "pk": 245, "fields": {"action_time": "2023-12-30T12:45:55.839Z", "user": 1, "content_type": 19, "object_id": "22", "object_repr": "/media/product/johnny-briggs-bQ0v_fLSgWQ-unsplash.jpg", "action_flag": 1, "change_message": "[{\"added\": {}}]"}}, {"model": "admin.logentry", "pk": 246, "fields": {"action_time": "2023-12-30T12:46:05.051Z", "user": 1, "content_type": 19, "object_id": "23", "object_repr": "/media/product/johnny-briggs-sNplOG6cYVc-unsplash.jpg", "action_flag": 1, "change_message": "[{\"added\": {}}]"}}, {"model": "admin.logentry", "pk": 247, "fields": {"action_time": "2023-12-30T12:46:21.916Z", "user": 1, "content_type": 19, "object_id": "24", "object_repr": "/media/product/sandie-clarke-5-jtenVwiT0-unsplash.jpg", "action_flag": 1, "change_message": "[{\"added\": {}}]"}}, {"model": "admin.logentry", "pk": 248, "fields": {"action_time": "2023-12-30T12:46:39.804Z", "user": 1, "content_type": 19, "object_id": "25", "object_repr": "/media/product/julius-drost-8kslEghjQ0c-unsplash.jpg", "action_flag": 1, "change_message": "[{\"added\": {}}]"}}, {"model": "admin.logentry", "pk": 249, "fields": {"action_time": "2023-12-30T12:46:50.008Z", "user": 1, "content_type": 19, "object_id": "26", "object_repr": "/media/product/alexander-andrews-HgUDpaGPTEA-unsplash.jpg", "action_flag": 1, "change_message": "[{\"added\": {}}]"}}, {"model": "admin.logentry", "pk": 250, "fields": {"action_time": "2023-12-30T12:47:01.106Z", "user": 1, "content_type": 19, "object_id": "27", "object_repr": "/media/product/jonathan-talbert-1NAXTpRVyo4-unsplash.jpg", "action_flag": 1, "change_message": "[{\"added\": {}}]"}}, {"model": "admin.logentry", "pk": 251, "fields": {"action_time": "2023-12-30T12:47:17.340Z", "user": 1, "content_type": 19, "object_id": "28", "object_repr": "/media/product/chris-haws-5hnx9E64ZJk-unsplash.jpg", "action_flag": 1, "change_message": "[{\"added\": {}}]"}}, {"model": "admin.logentry", "pk": 252, "fields": {"action_time": "2023-12-30T12:47:34.829Z", "user": 1, "content_type": 19, "object_id": "29", "object_repr": "/media/product/marcus-depaula-tk7OAxsXNL0-unsplash.jpg", "action_flag": 1, "change_message": "[{\"added\": {}}]"}}, {"model": "admin.logentry", "pk": 253, "fields": {"action_time": "2023-12-30T12:47:42.936Z", "user": 1, "content_type": 19, "object_id": "30", "object_repr": "/media/product/raphael-schaller-GkinCd2enIY-unsplash.jpg", "action_flag": 1, "change_message": "[{\"added\": {}}]"}}, {"model": "admin.logentry", "pk": 254, "fields": {"action_time": "2023-12-30T12:47:51.956Z", "user": 1, "content_type": 19, "object_id": "31", "object_repr": "/media/product/hannes-wolf-n2ILm0aTCYo-unsplash.jpg", "action_flag": 1, "change_message": "[{\"added\": {}}]"}}, {"model": "admin.logentry", "pk": 255, "fields": {"action_time": "2023-12-30T12:48:00.741Z", "user": 1, "content_type": 19, "object_id": "32", "object_repr": "/media/product/natalia-y-bMybTSV7RFY-unsplash.jpg", "action_flag": 1, "change_message": "[{\"added\": {}}]"}}, {"model": "admin.logentry", "pk": 256, "fields": {"action_time": "2023-12-30T12:48:28.587Z", "user": 1, "content_type": 19, "object_id": "33", "object_repr": "/media/product/annie-spratt-lIWF2uHxs0Q-unsplash.jpg", "action_flag": 1, "change_message": "[{\"added\": {}}]"}}, {"model": "admin.logentry", "pk": 257, "fields": {"action_time": "2023-12-30T12:48:39.108Z", "user": 1, "content_type": 19, "object_id": "34", "object_repr": "/media/product/debby-hudson-GdeOsRlOBY4-unsplash.jpg", "action_flag": 1, "change_message": "[{\"added\": {}}]"}}, {"model": "admin.logentry", "pk": 258, "fields": {"action_time": "2023-12-30T12:48:51.618Z", "user": 1, "content_type": 19, "object_id": "35", "object_repr": "/media/product/darran-shen-aOiUF_KOeEc-unsplash.jpg", "action_flag": 1, "change_message": "[{\"added\": {}}]"}}, {"model": "admin.logentry", "pk": 259, "fields": {"action_time": "2023-12-30T12:49:03.402Z", "user": 1, "content_type": 19, "object_id": "36", "object_repr": "/media/product/clem-onojeghuo-0PPKxWtYh0g-unsplash.jpg", "action_flag": 1, "change_message": "[{\"added\": {}}]"}}, {"model": "admin.logentry", "pk": 260, "fields": {"action_time": "2023-12-30T12:49:14.652Z", "user": 1, "content_type": 19, "object_id": "37", "object_repr": "/media/product/prateek-katyal-_YzGQvASeMk-unsplash.jpg", "action_flag": 1, "change_message": "[{\"added\": {}}]"}}, {"model": "admin.logentry", "pk": 261, "fields": {"action_time": "2023-12-30T12:49:30.692Z", "user": 1, "content_type": 19, "object_id": "38", "object_repr": "/media/product/142396.jpg", "action_flag": 1, "change_message": "[{\"added\": {}}]"}}, {"model": "admin.logentry", "pk": 262, "fields": {"action_time": "2023-12-30T12:49:42.583Z", "user": 1, "content_type": 19, "object_id": "39", "object_repr": "/media/product/daniele-levis-pelusi-Ykzj_KlF7ow-unsplash.jpg", "action_flag": 1, "change_message": "[{\"added\": {}}]"}}, {"model": "admin.logentry", "pk": 263, "fields": {"action_time": "2023-12-30T12:50:01.509Z", "user": 1, "content_type": 19, "object_id": "40", "object_repr": "/media/product/lizelle-de-wit-Uxjd-u0C8yM-unsplash.jpg", "action_flag": 1, "change_message": "[{\"added\": {}}]"}}, {"model": "admin.logentry", "pk": 264, "fields": {"action_time": "2023-12-30T12:50:18.474Z", "user": 1, "content_type": 19, "object_id": "41", "object_repr": "/media/product/alessia-cocconi-rF1OwUp065Q-unsplash.jpg", "action_flag": 1, "change_message": "[{\"added\": {}}]"}}, {"model": "admin.logentry", "pk": 265, "fields": {"action_time": "2023-12-30T12:50:35.734Z", "user": 1, "content_type": 19, "object_id": "42", "object_repr": "/media/product/alessia-cocconi-8WzCaqC_0ic-unsplash.jpg", "action_flag": 1, "change_message": "[{\"added\": {}}]"}}, {"model": "admin.logentry", "pk": 266, "fields": {"action_time": "2023-12-30T12:50:46.782Z", "user": 1, "content_type": 19, "object_id": "43", "object_repr": "/media/product/alessia-cocconi-eElpS2uHBfU-unsplash.jpg", "action_flag": 1, "change_message": "[{\"added\": {}}]"}}, {"model": "admin.logentry", "pk": 267, "fields": {"action_time": "2023-12-30T12:51:03.165Z", "user": 1, "content_type": 19, "object_id": "44", "object_repr": "/media/product/mason-hassoun-zeT2ocEg0OQ-unsplash.jpg", "action_flag": 1, "change_message": "[{\"added\": {}}]"}}, {"model": "admin.logentry", "pk": 268, "fields": {"action_time": "2023-12-30T12:51:14.175Z", "user": 1, "content_type": 19, "object_id": "45", "object_repr": "/media/product/jordan-madrid-gWSWEn9WIfk-unsplash.jpg", "action_flag": 1, "change_message": "[{\"added\": {}}]"}}, {"model": "admin.logentry", "pk": 269, "fields": {"action_time": "2023-12-30T12:51:38.051Z", "user": 1, "content_type": 19, "object_id": "46", "object_repr": "/media/product/denise-jans-IJy2ZUex0-Y-unsplash.jpg", "action_flag": 1, "change_message": "[{\"added\": {}}]"}}, {"model": "admin.logentry", "pk": 270, "fields": {"action_time": "2023-12-30T12:51:47.077Z", "user": 1, "content_type": 19, "object_id": "47", "object_repr": "/media/product/jametlene-reskp-3Dtu6_XfqIk-unsplash.jpg", "action_flag": 1, "change_message": "[{\"added\": {}}]"}}, {"model": "admin.logentry", "pk": 271, "fields": {"action_time": "2023-12-30T12:52:01.145Z", "user": 1, "content_type": 19, "object_id": "48", "object_repr": "/media/product/aaron-burden-NXt5PrOb_7U-unsplash.jpg", "action_flag": 1, "change_message": "[{\"added\": {}}]"}}, {"model": "admin.logentry", "pk": 272, "fields": {"action_time": "2023-12-30T12:52:17.802Z", "user": 1, "content_type": 19, "object_id": "49", "object_repr": "/media/product/mick-haupt-tJefy_Vu7Po-unsplash.jpg", "action_flag": 1, "change_message": "[{\"added\": {}}]"}}, {"model": "admin.logentry", "pk": 273, "fields": {"action_time": "2023-12-30T12:52:48.274Z", "user": 1, "content_type": 19, "object_id": "50", "object_repr": "/media/product/lucas-santos-r-UaSYUqF9o-unsplash.jpg", "action_flag": 1, "change_message": "[{\"added\": {}}]"}}, {"model": "admin.logentry", "pk": 274, "fields": {"action_time": "2023-12-30T12:52:57.605Z", "user": 1, "content_type": 19, "object_id": "51", "object_repr": "/media/product/kevin-andre-f1fUq0H-Sq8-unsplash.jpg", "action_flag": 1, "change_message": "[{\"added\": {}}]"}}, {"model": "admin.logentry", "pk": 275, "fields": {"action_time": "2023-12-30T12:53:05.857Z", "user": 1, "content_type": 19, "object_id": "52", "object_repr": "/media/product/karsten-fullhaas-5TMbDijQn0M-unsplash.jpg", "action_flag": 1, "change_message": "[{\"added\": {}}]"}}, {"model": "admin.logentry", "pk": 276, "fields": {"action_time": "2023-12-30T12:53:14.676Z", "user": 1, "content_type": 19, "object_id": "53", "object_repr": "/media/product/karsten-fullhaas-qPpfGBEh4C8-unsplash.jpg", "action_flag": 1, "change_message": "[{\"added\": {}}]"}}, {"model": "admin.logentry", "pk": 277, "fields": {"action_time": "2023-12-30T12:53:28.455Z", "user": 1, "content_type": 19, "object_id": "54", "object_repr": "/media/product/istockphoto-492371628-1024x1024.jpg", "action_flag": 1, "change_message": "[{\"added\": {}}]"}}, {"model": "admin.logentry", "pk": 278, "fields": {"action_time": "2023-12-30T12:53:44.008Z", "user": 1, "content_type": 19, "object_id": "55", "object_repr": "/media/product/367817.jpg", "action_flag": 1, "change_message": "[{\"added\": {}}]"}}, {"model": "admin.logentry", "pk": 279, "fields": {"action_time": "2023-12-30T12:54:04.692Z", "user": 1, "content_type": 19, "object_id": "56", "object_repr": "/media/product/mishaal-zahed-vIFco6P4j6I-unsplash.jpg", "action_flag": 1, "change_message": "[{\"added\": {}}]"}}, {"model": "admin.logentry", "pk": 280, "fields": {"action_time": "2023-12-30T12:54:27.661Z", "user": 1, "content_type": 19, "object_id": "57", "object_repr": "/media/product/vayun-sharma-4kgCmW5OEcg-unsplash.jpg", "action_flag": 1, "change_message": "[{\"added\": {}}]"}}, {"model": "admin.logentry", "pk": 281, "fields": {"action_time": "2023-12-30T12:54:37.734Z", "user": 1, "content_type": 19, "object_id": "58", "object_repr": "/media/product/tara-meinczinger-MMHbgY8qFFo-unsplash_1.jpg", "action_flag": 1, "change_message": "[{\"added\": {}}]"}}, {"model": "admin.logentry", "pk": 282, "fields": {"action_time": "2023-12-30T12:54:48.998Z", "user": 1, "content_type": 19, "object_id": "59", "object_repr": "/media/product/rory-mckeever-qff8tO21W48-unsplash.jpg", "action_flag": 1, "change_message": "[{\"added\": {}}]"}}, {"model": "admin.logentry", "pk": 283, "fields": {"action_time": "2023-12-30T12:55:02.500Z", "user": 1, "content_type": 19, "object_id": "60", "object_repr": "/media/product/tara-meinczinger-MMHbgY8qFFo-unsplash.jpg", "action_flag": 1, "change_message": "[{\"added\": {}}]"}}, {"model": "admin.logentry", "pk": 284, "fields": {"action_time": "2023-12-30T12:55:10.917Z", "user": 1, "content_type": 19, "object_id": "61", "object_repr": "/media/product/yevhenii-foshchan-TcS7cxt2V7E-unsplash.jpg", "action_flag": 1, "change_message": "[{\"added\": {}}]"}}, {"model": "admin.logentry", "pk": 285, "fields": {"action_time": "2023-12-30T12:55:20.061Z", "user": 1, "content_type": 19, "object_id": "62", "object_repr": "/media/product/lvl9-studio-3jM3BCQAtVA-unsplash.jpg", "action_flag": 1, "change_message": "[{\"added\": {}}]"}}, {"model": "admin.logentry", "pk": 286, "fields": {"action_time": "2023-12-30T12:55:36.788Z", "user": 1, "content_type": 19, "object_id": "63", "object_repr": "/media/product/elza-kurbanova-f8MLY_HKwqQ-unsplash.jpg", "action_flag": 1, "change_message": "[{\"added\": {}}]"}}, {"model": "admin.logentry", "pk": 287, "fields": {"action_time": "2023-12-30T12:55:45.164Z", "user": 1, "content_type": 19, "object_id": "64", "object_repr": "/media/product/dane-deaner-XAqTc-LLm6A-unsplash.jpg", "action_flag": 1, "change_message": "[{\"added\": {}}]"}}, {"model": "admin.logentry", "pk": 288, "fields": {"action_time": "2023-12-30T12:56:02.127Z", "user": 1, "content_type": 19, "object_id": "65", "object_repr": "/media/product/seth-doyle-wYrByI2RKx8-unsplash.jpg", "action_flag": 1, "change_message": "[{\"added\": {}}]"}}, {"model": "admin.logentry", "pk": 289, "fields": {"action_time": "2023-12-30T12:56:11.781Z", "user": 1, "content_type": 19, "object_id": "66", "object_repr": "/media/product/travis-yewell-F-B7kWlkxDQ-unsplash.jpg", "action_flag": 1, "change_message": "[{\"added\": {}}]"}}, {"model": "admin.logentry", "pk": 290, "fields": {"action_time": "2023-12-30T12:56:21.644Z", "user": 1, "content_type": 19, "object_id": "67", "object_repr": "/media/product/emma-frances-logan-nD3AcuizeF8-unsplash.jpg", "action_flag": 1, "change_message": "[{\"added\": {}}]"}}, {"model": "admin.logentry", "pk": 291, "fields": {"action_time": "2023-12-30T12:56:33.456Z", "user": 1, "content_type": 19, "object_id": "68", "object_repr": "/media/product/tyler-nix-Ynl50d2_oH4-unsplash.jpg", "action_flag": 1, "change_message": "[{\"added\": {}}]"}}, {"model": "admin.logentry", "pk": 292, "fields": {"action_time": "2023-12-30T12:56:41.095Z", "user": 1, "content_type": 19, "object_id": "69", "object_repr": "/media/product/patrick-perkins-UyFISmyVSzM-unsplash.jpg", "action_flag": 1, "change_message": "[{\"added\": {}}]"}}, {"model": "admin.logentry", "pk": 293, "fields": {"action_time": "2023-12-30T12:57:01.951Z", "user": 1, "content_type": 19, "object_id": "70", "object_repr": "/media/product/sina-saadatmand-_hhLXRU9Wzc-unsplash.jpg", "action_flag": 1, "change_message": "[{\"added\": {}}]"}}, {"model": "admin.logentry", "pk": 294, "fields": {"action_time": "2023-12-30T12:57:10.886Z", "user": 1, "content_type": 19, "object_id": "71", "object_repr": "/media/product/ashkan-forouzani-eBwGgqSt1QA-unsplash.jpg", "action_flag": 1, "change_message": "[{\"added\": {}}]"}}, {"model": "admin.logentry", "pk": 295, "fields": {"action_time": "2023-12-30T12:57:19.854Z", "user": 1, "content_type": 19, "object_id": "72", "object_repr": "/media/product/erol-ahmed-_CeW6TRUWws-unsplash.jpg", "action_flag": 1, "change_message": "[{\"added\": {}}]"}}, {"model": "admin.logentry", "pk": 296, "fields": {"action_time": "2023-12-30T12:57:29.413Z", "user": 1, "content_type": 19, "object_id": "73", "object_repr": "/media/product/juli-kosolapova-dWm94DekLBg-unsplash.jpg", "action_flag": 1, "change_message": "[{\"added\": {}}]"}}, {"model": "admin.logentry", "pk": 297, "fields": {"action_time": "2023-12-30T12:57:37.890Z", "user": 1, "content_type": 19, "object_id": "74", "object_repr": "/media/product/juli-kosolapova-mpFsCX5FqZ8-unsplash.jpg", "action_flag": 1, "change_message": "[{\"added\": {}}]"}}, {"model": "admin.logentry", "pk": 298, "fields": {"action_time": "2023-12-30T12:58:02.454Z", "user": 1, "content_type": 19, "object_id": "75", "object_repr": "/media/product/toa-heftiba-zSpQkCdbRb4-unsplash.jpg", "action_flag": 1, "change_message": "[{\"added\": {}}]"}}, {"model": "admin.logentry", "pk": 299, "fields": {"action_time": "2023-12-30T12:58:28.543Z", "user": 1, "content_type": 19, "object_id": "76", "object_repr": "/media/product/greg-boll-ukUc_ayZwrU-unsplash.jpg", "action_flag": 1, "change_message": "[{\"added\": {}}]"}}, {"model": "admin.logentry", "pk": 300, "fields": {"action_time": "2023-12-30T12:58:42.153Z", "user": 1, "content_type": 19, "object_id": "77", "object_repr": "/media/product/isaac-quesada-0-idx4o9_2o-unsplash.jpg", "action_flag": 1, "change_message": "[{\"added\": {}}]"}}, {"model": "admin.logentry", "pk": 301, "fields": {"action_time": "2023-12-30T12:58:50.458Z", "user": 1, "content_type": 19, "object_id": "78", "object_repr": "/media/product/greg-boll-8ekQzUw7cT8-unsplash.jpg", "action_flag": 1, "change_message": "[{\"added\": {}}]"}}, {"model": "admin.logentry", "pk": 302, "fields": {"action_time": "2023-12-30T12:59:10.196Z", "user": 1, "content_type": 19, "object_id": "79", "object_repr": "/media/product/birger-strahl-eduo-2QxKjs-unsplash.jpg", "action_flag": 1, "change_message": "[{\"added\": {}}]"}}, {"model": "admin.logentry", "pk": 303, "fields": {"action_time": "2023-12-30T12:59:18.503Z", "user": 1, "content_type": 19, "object_id": "80", "object_repr": "/media/product/kevin-mueller-sC_TGNFW8a4-unsplash.jpg", "action_flag": 1, "change_message": "[{\"added\": {}}]"}}, {"model": "admin.logentry", "pk": 304, "fields": {"action_time": "2023-12-30T12:59:26.143Z", "user": 1, "content_type": 19, "object_id": "81", "object_repr": "/media/product/egor-myznik-3lCF4bteEz4-unsplash.jpg", "action_flag": 1, "change_message": "[{\"added\": {}}]"}}, {"model": "admin.logentry", "pk": 305, "fields": {"action_time": "2023-12-30T12:59:34.185Z", "user": 1, "content_type": 19, "object_id": "82", "object_repr": "/media/product/egor-myznik--jgTE27Bego-unsplash.jpg", "action_flag": 1, "change_message": "[{\"added\": {}}]"}}, {"model": "admin.logentry", "pk": 306, "fields": {"action_time": "2023-12-30T12:59:42.193Z", "user": 1, "content_type": 19, "object_id": "83", "object_repr": "/media/product/egor-myznik-1q1xKDm-az8-unsplash.jpg", "action_flag": 1, "change_message": "[{\"added\": {}}]"}}, {"model": "admin.logentry", "pk": 307, "fields": {"action_time": "2023-12-30T12:59:51.853Z", "user": 1, "content_type": 19, "object_id": "84", "object_repr": "/media/product/egor-myznik-CdRIW3QRdE4-unsplash.jpg", "action_flag": 1, "change_message": "[{\"added\": {}}]"}}, {"model": "admin.logentry", "pk": 308, "fields": {"action_time": "2023-12-30T13:00:01.522Z", "user": 1, "content_type": 19, "object_id": "85", "object_repr": "/media/product/egor-myznik-e7May5APDhw-unsplash.jpg", "action_flag": 1, "change_message": "[{\"added\": {}}]"}}, {"model": "admin.logentry", "pk": 309, "fields": {"action_time": "2023-12-30T13:00:09.480Z", "user": 1, "content_type": 19, "object_id": "86", "object_repr": "/media/product/egor-myznik-Le5E_D3iAiA-unsplash.jpg", "action_flag": 1, "change_message": "[{\"added\": {}}]"}}, {"model": "admin.logentry", "pk": 310, "fields": {"action_time": "2023-12-30T13:00:35.166Z", "user": 1, "content_type": 19, "object_id": "87", "object_repr": "/media/product/pawel-czerwinski--0xCCPIbl3M-unsplash.jpg", "action_flag": 1, "change_message": "[{\"added\": {}}]"}}, {"model": "admin.logentry", "pk": 311, "fields": {"action_time": "2023-12-30T13:00:44.341Z", "user": 1, "content_type": 19, "object_id": "88", "object_repr": "/media/product/wilhelm-gunkel-x6Y29nMZP-o-unsplash.jpg", "action_flag": 1, "change_message": "[{\"added\": {}}]"}}, {"model": "admin.logentry", "pk": 312, "fields": {"action_time": "2023-12-30T13:00:52.284Z", "user": 1, "content_type": 19, "object_id": "89", "object_repr": "/media/product/quino-al-9blSF_Ay3MY-unsplash.jpg", "action_flag": 1, "change_message": "[{\"added\": {}}]"}}, {"model": "admin.logentry", "pk": 313, "fields": {"action_time": "2023-12-30T13:01:01.068Z", "user": 1, "content_type": 19, "object_id": "90", "object_repr": "/media/product/louis-hansel-OgDrj7Q8EAw-unsplash.jpg", "action_flag": 1, "change_message": "[{\"added\": {}}]"}}, {"model": "admin.logentry", "pk": 314, "fields": {"action_time": "2023-12-30T13:01:10.785Z", "user": 1, "content_type": 19, "object_id": "91", "object_repr": "/media/product/bhargav-panchal-e2Vau4ckfuo-unsplash.jpg", "action_flag": 1, "change_message": "[{\"added\": {}}]"}}, {"model": "admin.logentry", "pk": 315, "fields": {"action_time": "2023-12-30T13:01:23.122Z", "user": 1, "content_type": 19, "object_id": "92", "object_repr": "/media/product/quino-al-9blSF_Ay3MY-unsplash_PCJyM5p.jpg", "action_flag": 1, "change_message": "[{\"added\": {}}]"}}, {"model": "admin.logentry", "pk": 316, "fields": {"action_time": "2023-12-30T13:01:41.275Z", "user": 1, "content_type": 19, "object_id": "93", "object_repr": "/media/product/gaelle-marcel-Qu3UoPFu3w4-unsplash.jpg", "action_flag": 1, "change_message": "[{\"added\": {}}]"}}, {"model": "admin.logentry", "pk": 317, "fields": {"action_time": "2023-12-30T13:01:51.053Z", "user": 1, "content_type": 19, "object_id": "94", "object_repr": "/media/product/sergey-sokolov-YSUnEXMVN5k-unsplash.jpg", "action_flag": 1, "change_message": "[{\"added\": {}}]"}}, {"model": "admin.logentry", "pk": 318, "fields": {"action_time": "2023-12-30T13:02:00.410Z", "user": 1, "content_type": 19, "object_id": "95", "object_repr": "/media/product/sandro-gonzalez-hp3RFurOExI-unsplash.jpg", "action_flag": 1, "change_message": "[{\"added\": {}}]"}}, {"model": "admin.logentry", "pk": 319, "fields": {"action_time": "2023-12-30T13:02:07.514Z", "user": 1, "content_type": 19, "object_id": "96", "object_repr": "/media/product/viktor-forgacs-DzpViKMZHe8-unsplash.jpg", "action_flag": 1, "change_message": "[{\"added\": {}}]"}}, {"model": "admin.logentry", "pk": 320, "fields": {"action_time": "2023-12-30T13:03:03.472Z", "user": 1, "content_type": 19, "object_id": "97", "object_repr": "/media/product/johnny-briggs-skhrNNKW740-unsplash.jpg", "action_flag": 1, "change_message": "[{\"added\": {}}]"}}, {"model": "admin.logentry", "pk": 321, "fields": {"action_time": "2023-12-30T13:03:13.945Z", "user": 1, "content_type": 19, "object_id": "98", "object_repr": "/media/product/ian-edokov-rApso4Y0ZDw-unsplash.jpg", "action_flag": 1, "change_message": "[{\"added\": {}}]"}}, {"model": "admin.logentry", "pk": 322, "fields": {"action_time": "2023-12-30T13:03:21.598Z", "user": 1, "content_type": 19, "object_id": "99", "object_repr": "/media/product/peter-herrmann-YEHu8af3QjQ-unsplash.jpg", "action_flag": 1, "change_message": "[{\"added\": {}}]"}}, {"model": "admin.logentry", "pk": 323, "fields": {"action_time": "2023-12-30T13:03:30.888Z", "user": 1, "content_type": 19, "object_id": "100", "object_repr": "/media/product/denise-jans-wz7CkrnUEPM-unsplash.jpg", "action_flag": 1, "change_message": "[{\"added\": {}}]"}}, {"model": "admin.logentry", "pk": 324, "fields": {"action_time": "2023-12-30T13:03:38.268Z", "user": 1, "content_type": 19, "object_id": "101", "object_repr": "/media/product/domino-m2JlMXdqb3s-unsplash.jpg", "action_flag": 1, "change_message": "[{\"added\": {}}]"}}, {"model": "admin.logentry", "pk": 325, "fields": {"action_time": "2023-12-30T13:03:46.083Z", "user": 1, "content_type": 19, "object_id": "102", "object_repr": "/media/product/camilo-jimenez-Pll7AP6NFpY-unsplash.jpg", "action_flag": 1, "change_message": "[{\"added\": {}}]"}}, {"model": "admin.logentry", "pk": 326, "fields": {"action_time": "2023-12-30T13:03:53.313Z", "user": 1, "content_type": 19, "object_id": "103", "object_repr": "/media/product/sebastien-le-derout-I9A9OWFN0ow-unsplash.jpg", "action_flag": 1, "change_message": "[{\"added\": {}}]"}}, {"model": "admin.logentry", "pk": 327, "fields": {"action_time": "2023-12-30T13:04:00.715Z", "user": 1, "content_type": 19, "object_id": "104", "object_repr": "/media/product/bernard-hermant-qTpc0Vj4YoE-unsplash.jpg", "action_flag": 1, "change_message": "[{\"added\": {}}]"}}, {"model": "admin.logentry", "pk": 328, "fields": {"action_time": "2023-12-30T13:04:09.139Z", "user": 1, "content_type": 19, "object_id": "105", "object_repr": "/media/product/florian-klauer-mk7D-4UCfmg-unsplash.jpg", "action_flag": 1, "change_message": "[{\"added\": {}}]"}}, {"model": "admin.logentry", "pk": 329, "fields": {"action_time": "2023-12-30T13:04:33.211Z", "user": 1, "content_type": 19, "object_id": "106", "object_repr": "/media/product/nick-fewings-6G6SxCpmGWQ-unsplash.jpg", "action_flag": 1, "change_message": "[{\"added\": {}}]"}}, {"model": "admin.logentry", "pk": 330, "fields": {"action_time": "2023-12-30T13:04:44.152Z", "user": 1, "content_type": 19, "object_id": "107", "object_repr": "/media/product/annie-spratt-hzdgFPz1V24-unsplash.jpg", "action_flag": 1, "change_message": "[{\"added\": {}}]"}}, {"model": "admin.logentry", "pk": 331, "fields": {"action_time": "2023-12-30T13:04:52.129Z", "user": 1, "content_type": 19, "object_id": "108", "object_repr": "/media/product/annie-spratt-naK6kidfAHg-unsplash.jpg", "action_flag": 1, "change_message": "[{\"added\": {}}]"}}, {"model": "admin.logentry", "pk": 332, "fields": {"action_time": "2023-12-30T13:05:03.227Z", "user": 1, "content_type": 19, "object_id": "109", "object_repr": "/media/product/clem-onojeghuo-93x6yZautvA-unsplash.jpg", "action_flag": 1, "change_message": "[{\"added\": {}}]"}}, {"model": "admin.logentry", "pk": 333, "fields": {"action_time": "2023-12-30T13:05:11.880Z", "user": 1, "content_type": 19, "object_id": "110", "object_repr": "/media/product/nikhil-eHB79_pGh6o-unsplash.jpg", "action_flag": 1, "change_message": "[{\"added\": {}}]"}}, {"model": "admin.logentry", "pk": 334, "fields": {"action_time": "2023-12-30T13:05:19.724Z", "user": 1, "content_type": 19, "object_id": "111", "object_repr": "/media/product/bozhin-karaivanov-vwUmBoT5_eA-unsplash.jpg", "action_flag": 1, "change_message": "[{\"added\": {}}]"}}, {"model": "admin.logentry", "pk": 335, "fields": {"action_time": "2023-12-30T13:05:30.828Z", "user": 1, "content_type": 19, "object_id": "112", "object_repr": "/media/product/lucia-garo-gfQktj2QSwE-unsplash.jpg", "action_flag": 1, "change_message": "[{\"added\": {}}]"}}, {"model": "admin.logentry", "pk": 336, "fields": {"action_time": "2023-12-30T18:54:50.061Z", "user": 1, "content_type": 18, "object_id": "9", "object_repr": "قطب نما", "action_flag": 2, "change_message": "[{\"changed\": {\"fields\": [\"Image main\"]}}]"}}, {"model": "admin.logentry", "pk": 337, "fields": {"action_time": "2023-12-30T19:24:54.267Z", "user": 1, "content_type": 18, "object_id": "3", "object_repr": "ماشین سرو خودکار", "action_flag": 2, "change_message": "[{\"changed\": {\"fields\": [\"Image main\"]}}]"}}, {"model": "admin.logentry", "pk": 338, "fields": {"action_time": "2023-12-30T19:26:02.490Z", "user": 1, "content_type": 19, "object_id": "113", "object_repr": "/media/product/harrison-fSCzIjmxUNA-unsplash.jpg", "action_flag": 1, "change_message": "[{\"added\": {}}]"}}, {"model": "admin.logentry", "pk": 339, "fields": {"action_time": "2024-01-02T08:21:38.401Z", "user": 1, "content_type": 21, "object_id": "2", "object_repr": "127.0.0.1:8000", "action_flag": 1, "change_message": "[{\"added\": {}}]"}}, {"model": "admin.logentry", "pk": 340, "fields": {"action_time": "2024-01-02T15:40:41.381Z", "user": 1, "content_type": 23, "object_id": "1", "object_repr": "/*", "action_flag": 1, "change_message": "[{\"added\": {}}]"}}, {"model": "admin.logentry", "pk": 341, "fields": {"action_time": "2024-01-02T15:41:10.709Z", "user": 1, "content_type": 23, "object_id": "2", "object_repr": "/admin", "action_flag": 1, "change_message": "[{\"added\": {}}]"}}, {"model": "admin.logentry", "pk": 342, "fields": {"action_time": "2024-01-02T15:41:24.557Z", "user": 1, "content_type": 23, "object_id": "3", "object_repr": "/admin/", "action_flag": 1, "change_message": "[{\"added\": {}}]"}}, {"model": "admin.logentry", "pk": 343, "fields": {"action_time": "2024-01-02T15:41:32.265Z", "user": 1, "content_type": 23, "object_id": "4", "object_repr": "/*/", "action_flag": 1, "change_message": "[{\"added\": {}}]"}}, {"model": "admin.logentry", "pk": 344, "fields": {"action_time": "2024-01-02T15:41:49.486Z", "user": 1, "content_type": 23, "object_id": "5", "object_repr": "/*/", "action_flag": 1, "change_message": "[{\"added\": {}}]"}}, {"model": "admin.logentry", "pk": 345, "fields": {"action_time": "2024-01-02T15:42:14.137Z", "user": 1, "content_type": 23, "object_id": "6", "object_repr": "/*/", "action_flag": 1, "change_message": "[{\"added\": {}}]"}}, {"model": "admin.logentry", "pk": 346, "fields": {"action_time": "2024-01-02T15:42:25.544Z", "user": 1, "content_type": 23, "object_id": "7", "object_repr": "/*/", "action_flag": 1, "change_message": "[{\"added\": {}}]"}}, {"model": "admin.logentry", "pk": 347, "fields": {"action_time": "2024-01-02T15:42:33.579Z", "user": 1, "content_type": 23, "object_id": "8", "object_repr": "/*", "action_flag": 1, "change_message": "[{\"added\": {}}]"}}, {"model": "admin.logentry", "pk": 348, "fields": {"action_time": "2024-01-02T15:43:25.570Z", "user": 1, "content_type": 22, "object_id": "1", "object_repr": "*", "action_flag": 1, "change_message": "[{\"added\": {}}]"}}, {"model": "admin.logentry", "pk": 349, "fields": {"action_time": "2024-01-03T10:19:48.521Z", "user": 1, "content_type": 15, "object_id": "1", "object_repr": "خواص انگشتری عقیق", "action_flag": 2, "change_message": "[{\"changed\": {\"fields\": [\"Content 1\", \"Content 2\"]}}]"}}, {"model": "admin.logentry", "pk": 350, "fields": {"action_time": "2024-01-03T10:20:06.808Z", "user": 1, "content_type": 15, "object_id": "3", "object_repr": "بیهق باستان", "action_flag": 2, "change_message": "[{\"changed\": {\"fields\": [\"Content 1\", \"Content 2\"]}}]"}}, {"model": "admin.logentry", "pk": 351, "fields": {"action_time": "2024-01-03T10:25:17.321Z", "user": 1, "content_type": 15, "object_id": "2", "object_repr": "انگشتری فیروزه", "action_flag": 2, "change_message": "[{\"changed\": {\"fields\": [\"Content 2\"]}}]"}}, {"model": "admin.logentry", "pk": 352, "fields": {"action_time": "2024-01-03T10:25:56.669Z", "user": 1, "content_type": 15, "object_id": "4", "object_repr": "ساعت رومیزی", "action_flag": 2, "change_message": "[{\"changed\": {\"fields\": [\"Content 1\", \"Content 2\"]}}]"}}, {"model": "admin.logentry", "pk": 353, "fields": {"action_time": "2024-01-03T10:26:10.025Z", "user": 1, "content_type": 15, "object_id": "2", "object_repr": "انگشتری فیروزه", "action_flag": 2, "change_message": "[{\"changed\": {\"fields\": [\"Content 1\", \"Content 2\"]}}]"}}, {"model": "admin.logentry", "pk": 354, "fields": {"action_time": "2024-01-03T10:26:51.254Z", "user": 1, "content_type": 15, "object_id": "3", "object_repr": "بیهق باستان", "action_flag": 2, "change_message": "[{\"changed\": {\"fields\": [\"Content 1\"]}}]"}}, {"model": "admin.logentry", "pk": 355, "fields": {"action_time": "2024-01-03T13:50:56.885Z", "user": 1, "content_type": 15, "object_id": "1", "object_repr": "خواص انگشتری عقیق", "action_flag": 2, "change_message": "[{\"changed\": {\"fields\": [\"Content 2\"]}}]"}}, {"model": "admin.logentry", "pk": 356, "fields": {"action_time": "2024-01-03T13:51:29.743Z", "user": 1, "content_type": 15, "object_id": "3", "object_repr": "بیهق باستان", "action_flag": 2, "change_message": "[{\"changed\": {\"fields\": [\"Content 2\"]}}]"}}, {"model": "admin.logentry", "pk": 357, "fields": {"action_time": "2024-01-06T18:15:19.340Z", "user": 1, "content_type": 7, "object_id": "26", "object_repr": "eee", "action_flag": 3, "change_message": ""}}, {"model": "admin.logentry", "pk": 358, "fields": {"action_time": "2024-01-06T18:15:19.346Z", "user": 1, "content_type": 7, "object_id": "25", "object_repr": "sda", "action_flag": 3, "change_message": ""}}, {"model": "admin.logentry", "pk": 359, "fields": {"action_time": "2024-01-06T18:15:19.349Z", "user": 1, "content_type": 7, "object_id": "24", "object_repr": "ss", "action_flag": 3, "change_message": ""}}, {"model": "admin.logentry", "pk": 360, "fields": {"action_time": "2024-01-06T18:15:19.352Z", "user": 1, "content_type": 7, "object_id": "23", "object_repr": "سهیل", "action_flag": 3, "change_message": ""}}, {"model": "admin.logentry", "pk": 361, "fields": {"action_time": "2024-01-06T18:15:19.355Z", "user": 1, "content_type": 7, "object_id": "22", "object_repr": "soheil", "action_flag": 3, "change_message": ""}}, {"model": "admin.logentry", "pk": 362, "fields": {"action_time": "2024-01-06T18:15:19.358Z", "user": 1, "content_type": 7, "object_id": "21", "object_repr": "ss", "action_flag": 3, "change_message": ""}}, {"model": "admin.logentry", "pk": 363, "fields": {"action_time": "2024-01-06T18:15:19.361Z", "user": 1, "content_type": 7, "object_id": "20", "object_repr": "سهیل", "action_flag": 3, "change_message": ""}}, {"model": "admin.logentry", "pk": 364, "fields": {"action_time": "2024-01-06T18:15:19.364Z", "user": 1, "content_type": 7, "object_id": "19", "object_repr": "ewq", "action_flag": 3, "change_message": ""}}, {"model": "admin.logentry", "pk": 365, "fields": {"action_time": "2024-01-06T18:15:19.367Z", "user": 1, "content_type": 7, "object_id": "18", "object_repr": "ewq", "action_flag": 3, "change_message": ""}}, {"model": "admin.logentry", "pk": 366, "fields": {"action_time": "2024-01-06T18:15:19.370Z", "user": 1, "content_type": 7, "object_id": "17", "object_repr": "سهیل", "action_flag": 3, "change_message": ""}}, {"model": "admin.logentry", "pk": 367, "fields": {"action_time": "2024-01-06T18:15:19.373Z", "user": 1, "content_type": 7, "object_id": "16", "object_repr": "ew", "action_flag": 3, "change_message": ""}}, {"model": "admin.logentry", "pk": 368, "fields": {"action_time": "2024-01-06T18:15:24.713Z", "user": 1, "content_type": 8, "object_id": "47", "object_repr": "BoO@gmail.com", "action_flag": 3, "change_message": ""}}, {"model": "admin.logentry", "pk": 369, "fields": {"action_time": "2024-01-06T18:15:24.719Z", "user": 1, "content_type": 8, "object_id": "46", "object_repr": "Elahifar.amirmahdi@gmail.com", "action_flag": 3, "change_message": ""}}, {"model": "admin.logentry", "pk": 370, "fields": {"action_time": "2024-01-06T18:15:24.722Z", "user": 1, "content_type": 8, "object_id": "45", "object_repr": "wwew@gmail.com", "action_flag": 3, "change_message": ""}}, {"model": "admin.logentry", "pk": 371, "fields": {"action_time": "2024-01-06T18:15:24.726Z", "user": 1, "content_type": 8, "object_id": "44", "object_repr": "BoO@gmail.com", "action_flag": 3, "change_message": ""}}, {"model": "admin.logentry", "pk": 372, "fields": {"action_time": "2024-01-06T18:15:24.729Z", "user": 1, "content_type": 8, "object_id": "43", "object_repr": "l.o0of.war@gmail.com", "action_flag": 3, "change_message": ""}}, {"model": "admin.logentry", "pk": 373, "fields": {"action_time": "2024-01-06T18:15:24.732Z", "user": 1, "content_type": 8, "object_id": "42", "object_repr": "Elahifar.amirmahdi@gmail.com", "action_flag": 3, "change_message": ""}}, {"model": "admin.logentry", "pk": 374, "fields": {"action_time": "2024-01-06T18:15:24.735Z", "user": 1, "content_type": 8, "object_id": "41", "object_repr": "BoO@gmail.com", "action_flag": 3, "change_message": ""}}, {"model": "admin.logentry", "pk": 375, "fields": {"action_time": "2024-01-06T18:15:24.738Z", "user": 1, "content_type": 8, "object_id": "40", "object_repr": "Elahifar.amirmahdi@gmail.com", "action_flag": 3, "change_message": ""}}, {"model": "admin.logentry", "pk": 376, "fields": {"action_time": "2024-01-06T18:15:24.741Z", "user": 1, "content_type": 8, "object_id": "39", "object_repr": "shahraeini.s@gmail.com", "action_flag": 3, "change_message": ""}}, {"model": "admin.logentry", "pk": 377, "fields": {"action_time": "2024-01-06T18:15:24.745Z", "user": 1, "content_type": 8, "object_id": "38", "object_repr": "fdsdf@gmail.com", "action_flag": 3, "change_message": ""}}, {"model": "admin.logentry", "pk": 378, "fields": {"action_time": "2024-01-06T18:15:24.748Z", "user": 1, "content_type": 8, "object_id": "37", "object_repr": "l.o0of.war@gmail.com", "action_flag": 3, "change_message": ""}}, {"model": "admin.logentry", "pk": 379, "fields": {"action_time": "2024-01-06T18:15:24.752Z", "user": 1, "content_type": 8, "object_id": "36", "object_repr": "BoO@gmail.com", "action_flag": 3, "change_message": ""}}, {"model": "admin.logentry", "pk": 380, "fields": {"action_time": "2024-01-06T18:15:24.755Z", "user": 1, "content_type": 8, "object_id": "35", "object_repr": "l.o0of.war@gmail.com", "action_flag": 3, "change_message": ""}}, {"model": "admin.logentry", "pk": 381, "fields": {"action_time": "2024-01-06T18:15:24.759Z", "user": 1, "content_type": 8, "object_id": "34", "object_repr": "l.o0of.war@gmail.com", "action_flag": 3, "change_message": ""}}, {"model": "admin.logentry", "pk": 382, "fields": {"action_time": "2024-01-06T18:15:24.762Z", "user": 1, "content_type": 8, "object_id": "33", "object_repr": "BoO@gmail.com", "action_flag": 3, "change_message": ""}}, {"model": "admin.logentry", "pk": 383, "fields": {"action_time": "2024-01-06T20:50:16.523Z", "user": 1, "content_type": 8, "object_id": "74", "object_repr": "shahraeini.s@gmail.com", "action_flag": 3, "change_message": ""}}, {"model": "admin.logentry", "pk": 384, "fields": {"action_time": "2024-01-06T20:50:16.532Z", "user": 1, "content_type": 8, "object_id": "73", "object_repr": "shahraeini.s@gmail.com", "action_flag": 3, "change_message": ""}}, {"model": "admin.logentry", "pk": 385, "fields": {"action_time": "2024-01-06T20:50:16.536Z", "user": 1, "content_type": 8, "object_id": "72", "object_repr": "Elahifar.amirmahdi@gmail.com", "action_flag": 3, "change_message": ""}}, {"model": "admin.logentry", "pk": 386, "fields": {"action_time": "2024-01-06T20:50:16.539Z", "user": 1, "content_type": 8, "object_id": "71", "object_repr": "Elahifar.amirmahdi@gmail.com", "action_flag": 3, "change_message": ""}}, {"model": "admin.logentry", "pk": 387, "fields": {"action_time": "2024-01-06T20:50:16.542Z", "user": 1, "content_type": 8, "object_id": "70", "object_repr": "Elahifar.amirmahdi@gmail.com", "action_flag": 3, "change_message": ""}}, {"model": "admin.logentry", "pk": 388, "fields": {"action_time": "2024-01-06T20:50:16.545Z", "user": 1, "content_type": 8, "object_id": "69", "object_repr": "Elahifar.amirmahdi@gmail.com", "action_flag": 3, "change_message": ""}}, {"model": "admin.logentry", "pk": 389, "fields": {"action_time": "2024-01-06T20:50:16.547Z", "user": 1, "content_type": 8, "object_id": "68", "object_repr": "Elahifar.amirmahdi@gmail.com", "action_flag": 3, "change_message": ""}}, {"model": "admin.logentry", "pk": 390, "fields": {"action_time": "2024-01-06T20:50:16.550Z", "user": 1, "content_type": 8, "object_id": "67", "object_repr": "wwew@gmail.com", "action_flag": 3, "change_message": ""}}, {"model": "admin.logentry", "pk": 391, "fields": {"action_time": "2024-01-06T20:50:16.553Z", "user": 1, "content_type": 8, "object_id": "66", "object_repr": "Elahifar.amirmahdi@gmail.com", "action_flag": 3, "change_message": ""}}, {"model": "admin.logentry", "pk": 392, "fields": {"action_time": "2024-01-06T20:50:16.556Z", "user": 1, "content_type": 8, "object_id": "65", "object_repr": "Elahifar.amirmahdi@gmail.com", "action_flag": 3, "change_message": ""}}, {"model": "admin.logentry", "pk": 393, "fields": {"action_time": "2024-01-06T20:50:16.559Z", "user": 1, "content_type": 8, "object_id": "64", "object_repr": "Elahifar.amirmahdi@gmail.com", "action_flag": 3, "change_message": ""}}, {"model": "admin.logentry", "pk": 394, "fields": {"action_time": "2024-01-06T20:50:16.562Z", "user": 1, "content_type": 8, "object_id": "63", "object_repr": "BoO@gmail.com", "action_flag": 3, "change_message": ""}}, {"model": "admin.logentry", "pk": 395, "fields": {"action_time": "2024-01-06T20:50:16.567Z", "user": 1, "content_type": 8, "object_id": "62", "object_repr": "Elahifar.amirmahdi@gmail.com", "action_flag": 3, "change_message": ""}}, {"model": "admin.logentry", "pk": 396, "fields": {"action_time": "2024-01-06T20:50:16.570Z", "user": 1, "content_type": 8, "object_id": "61", "object_repr": "wwew@gmail.com", "action_flag": 3, "change_message": ""}}, {"model": "admin.logentry", "pk": 397, "fields": {"action_time": "2024-01-06T20:50:16.573Z", "user": 1, "content_type": 8, "object_id": "60", "object_repr": "BoO@gmail.com", "action_flag": 3, "change_message": ""}}, {"model": "admin.logentry", "pk": 398, "fields": {"action_time": "2024-01-06T20:50:16.576Z", "user": 1, "content_type": 8, "object_id": "59", "object_repr": "BoO@gmail.com", "action_flag": 3, "change_message": ""}}, {"model": "admin.logentry", "pk": 399, "fields": {"action_time": "2024-01-06T20:50:16.579Z", "user": 1, "content_type": 8, "object_id": "58", "object_repr": "BoO@gmail.com", "action_flag": 3, "change_message": ""}}, {"model": "admin.logentry", "pk": 400, "fields": {"action_time": "2024-01-06T20:50:16.581Z", "user": 1, "content_type": 8, "object_id": "57", "object_repr": "BoO@gmail.com", "action_flag": 3, "change_message": ""}}, {"model": "admin.logentry", "pk": 401, "fields": {"action_time": "2024-01-06T20:50:16.584Z", "user": 1, "content_type": 8, "object_id": "56", "object_repr": "BoO@gmail.com", "action_flag": 3, "change_message": ""}}, {"model": "admin.logentry", "pk": 402, "fields": {"action_time": "2024-01-06T20:50:16.848Z", "user": 1, "content_type": 8, "object_id": "55", "object_repr": "Elahifar.amirmahdi@gmail.com", "action_flag": 3, "change_message": ""}}, {"model": "admin.logentry", "pk": 403, "fields": {"action_time": "2024-01-06T20:50:16.851Z", "user": 1, "content_type": 8, "object_id": "54", "object_repr": "shahraeini.s@gmail.com", "action_flag": 3, "change_message": ""}}, {"model": "admin.logentry", "pk": 404, "fields": {"action_time": "2024-01-06T20:50:16.854Z", "user": 1, "content_type": 8, "object_id": "53", "object_repr": "wwew@gmail.com", "action_flag": 3, "change_message": ""}}, {"model": "admin.logentry", "pk": 405, "fields": {"action_time": "2024-01-06T20:50:16.857Z", "user": 1, "content_type": 8, "object_id": "52", "object_repr": "Elahifar.amirmahdi@gmail.com", "action_flag": 3, "change_message": ""}}, {"model": "admin.logentry", "pk": 406, "fields": {"action_time": "2024-01-06T20:50:16.860Z", "user": 1, "content_type": 8, "object_id": "51", "object_repr": "wwew@gmail.com", "action_flag": 3, "change_message": ""}}, {"model": "admin.logentry", "pk": 407, "fields": {"action_time": "2024-01-06T20:50:16.864Z", "user": 1, "content_type": 8, "object_id": "50", "object_repr": "BoO@gmail.com", "action_flag": 3, "change_message": ""}}, {"model": "admin.logentry", "pk": 408, "fields": {"action_time": "2024-01-06T20:50:16.867Z", "user": 1, "content_type": 8, "object_id": "49", "object_repr": "shahraeini.s@gmail.com", "action_flag": 3, "change_message": ""}}, {"model": "admin.logentry", "pk": 409, "fields": {"action_time": "2024-01-06T20:50:16.870Z", "user": 1, "content_type": 8, "object_id": "48", "object_repr": "shahraeini.s@gmail.com", "action_flag": 3, "change_message": ""}}, {"model": "admin.logentry", "pk": 410, "fields": {"action_time": "2024-01-06T20:50:22.197Z", "user": 1, "content_type": 7, "object_id": "49", "object_repr": "ds", "action_flag": 3, "change_message": ""}}, {"model": "admin.logentry", "pk": 411, "fields": {"action_time": "2024-01-06T20:50:22.468Z", "user": 1, "content_type": 7, "object_id": "48", "object_repr": "qwqe", "action_flag": 3, "change_message": ""}}, {"model": "admin.logentry", "pk": 412, "fields": {"action_time": "2024-01-06T20:50:22.471Z", "user": 1, "content_type": 7, "object_id": "47", "object_repr": "ewq", "action_flag": 3, "change_message": ""}}, {"model": "admin.logentry", "pk": 413, "fields": {"action_time": "2024-01-06T20:50:22.475Z", "user": 1, "content_type": 7, "object_id": "46", "object_repr": "dsa", "action_flag": 3, "change_message": ""}}, {"model": "admin.logentry", "pk": 414, "fields": {"action_time": "2024-01-06T20:50:22.477Z", "user": 1, "content_type": 7, "object_id": "45", "object_repr": "ewq", "action_flag": 3, "change_message": ""}}, {"model": "admin.logentry", "pk": 415, "fields": {"action_time": "2024-01-06T20:50:22.481Z", "user": 1, "content_type": 7, "object_id": "44", "object_repr": "fd", "action_flag": 3, "change_message": ""}}, {"model": "admin.logentry", "pk": 416, "fields": {"action_time": "2024-01-06T20:50:22.484Z", "user": 1, "content_type": 7, "object_id": "43", "object_repr": "e", "action_flag": 3, "change_message": ""}}, {"model": "admin.logentry", "pk": 417, "fields": {"action_time": "2024-01-06T20:50:22.488Z", "user": 1, "content_type": 7, "object_id": "42", "object_repr": "da", "action_flag": 3, "change_message": ""}}, {"model": "admin.logentry", "pk": 418, "fields": {"action_time": "2024-01-06T20:50:22.491Z", "user": 1, "content_type": 7, "object_id": "41", "object_repr": "x", "action_flag": 3, "change_message": ""}}, {"model": "admin.logentry", "pk": 419, "fields": {"action_time": "2024-01-06T20:50:22.494Z", "user": 1, "content_type": 7, "object_id": "40", "object_repr": "rew", "action_flag": 3, "change_message": ""}}, {"model": "admin.logentry", "pk": 420, "fields": {"action_time": "2024-01-06T20:50:22.498Z", "user": 1, "content_type": 7, "object_id": "39", "object_repr": "ew", "action_flag": 3, "change_message": ""}}, {"model": "admin.logentry", "pk": 421, "fields": {"action_time": "2024-01-06T20:50:22.501Z", "user": 1, "content_type": 7, "object_id": "38", "object_repr": "z", "action_flag": 3, "change_message": ""}}, {"model": "admin.logentry", "pk": 422, "fields": {"action_time": "2024-01-06T20:50:22.504Z", "user": 1, "content_type": 7, "object_id": "37", "object_repr": "z", "action_flag": 3, "change_message": ""}}, {"model": "admin.logentry", "pk": 423, "fields": {"action_time": "2024-01-06T20:50:22.507Z", "user": 1, "content_type": 7, "object_id": "36", "object_repr": "a", "action_flag": 3, "change_message": ""}}, {"model": "admin.logentry", "pk": 424, "fields": {"action_time": "2024-01-06T20:50:22.511Z", "user": 1, "content_type": 7, "object_id": "35", "object_repr": "a", "action_flag": 3, "change_message": ""}}, {"model": "admin.logentry", "pk": 425, "fields": {"action_time": "2024-01-06T20:50:22.514Z", "user": 1, "content_type": 7, "object_id": "34", "object_repr": "d", "action_flag": 3, "change_message": ""}}, {"model": "admin.logentry", "pk": 426, "fields": {"action_time": "2024-01-06T20:50:22.517Z", "user": 1, "content_type": 7, "object_id": "33", "object_repr": "qqqqq", "action_flag": 3, "change_message": ""}}, {"model": "admin.logentry", "pk": 427, "fields": {"action_time": "2024-01-06T20:50:22.521Z", "user": 1, "content_type": 7, "object_id": "32", "object_repr": "rrrrr", "action_flag": 3, "change_message": ""}}, {"model": "admin.logentry", "pk": 428, "fields": {"action_time": "2024-01-06T20:50:22.525Z", "user": 1, "content_type": 7, "object_id": "31", "object_repr": "ooooo", "action_flag": 3, "change_message": ""}}, {"model": "admin.logentry", "pk": 429, "fields": {"action_time": "2024-01-06T20:50:22.528Z", "user": 1, "content_type": 7, "object_id": "30", "object_repr": "ewq", "action_flag": 3, "change_message": ""}}, {"model": "admin.logentry", "pk": 430, "fields": {"action_time": "2024-01-06T20:50:22.532Z", "user": 1, "content_type": 7, "object_id": "29", "object_repr": "uuuuu", "action_flag": 3, "change_message": ""}}, {"model": "admin.logentry", "pk": 431, "fields": {"action_time": "2024-01-06T20:50:22.535Z", "user": 1, "content_type": 7, "object_id": "28", "object_repr": "vvvv", "action_flag": 3, "change_message": ""}}, {"model": "admin.logentry", "pk": 432, "fields": {"action_time": "2024-01-06T20:50:22.539Z", "user": 1, "content_type": 7, "object_id": "27", "object_repr": "sda", "action_flag": 3, "change_message": ""}}, {"model": "admin.logentry", "pk": 433, "fields": {"action_time": "2024-01-12T09:58:05.289Z", "user": 1, "content_type": 15, "object_id": "2", "object_repr": "انگشتری فیروزه", "action_flag": 2, "change_message": "[{\"changed\": {\"fields\": [\"Login require\"]}}]"}}, {"model": "auth.permission", "pk": 1, "fields": {"name": "Can add log entry", "content_type": 1, "codename": "add_logentry"}}, {"model": "auth.permission", "pk": 2, "fields": {"name": "Can change log entry", "content_type": 1, "codename": "change_logentry"}}, {"model": "auth.permission", "pk": 3, "fields": {"name": "Can delete log entry", "content_type": 1, "codename": "delete_logentry"}}, {"model": "auth.permission", "pk": 4, "fields": {"name": "Can view log entry", "content_type": 1, "codename": "view_logentry"}}, {"model": "auth.permission", "pk": 5, "fields": {"name": "Can add permission", "content_type": 2, "codename": "add_permission"}}, {"model": "auth.permission", "pk": 6, "fields": {"name": "Can change permission", "content_type": 2, "codename": "change_permission"}}, {"model": "auth.permission", "pk": 7, "fields": {"name": "Can delete permission", "content_type": 2, "codename": "delete_permission"}}, {"model": "auth.permission", "pk": 8, "fields": {"name": "Can view permission", "content_type": 2, "codename": "view_permission"}}, {"model": "auth.permission", "pk": 9, "fields": {"name": "Can add group", "content_type": 3, "codename": "add_group"}}, {"model": "auth.permission", "pk": 10, "fields": {"name": "Can change group", "content_type": 3, "codename": "change_group"}}, {"model": "auth.permission", "pk": 11, "fields": {"name": "Can delete group", "content_type": 3, "codename": "delete_group"}}, {"model": "auth.permission", "pk": 12, "fields": {"name": "Can view group", "content_type": 3, "codename": "view_group"}}, {"model": "auth.permission", "pk": 13, "fields": {"name": "Can add user", "content_type": 4, "codename": "add_user"}}, {"model": "auth.permission", "pk": 14, "fields": {"name": "Can change user", "content_type": 4, "codename": "change_user"}}, {"model": "auth.permission", "pk": 15, "fields": {"name": "Can delete user", "content_type": 4, "codename": "delete_user"}}, {"model": "auth.permission", "pk": 16, "fields": {"name": "Can view user", "content_type": 4, "codename": "view_user"}}, {"model": "auth.permission", "pk": 17, "fields": {"name": "Can add content type", "content_type": 5, "codename": "add_contenttype"}}, {"model": "auth.permission", "pk": 18, "fields": {"name": "Can change content type", "content_type": 5, "codename": "change_contenttype"}}, {"model": "auth.permission", "pk": 19, "fields": {"name": "Can delete content type", "content_type": 5, "codename": "delete_contenttype"}}, {"model": "auth.permission", "pk": 20, "fields": {"name": "Can view content type", "content_type": 5, "codename": "view_contenttype"}}, {"model": "auth.permission", "pk": 21, "fields": {"name": "Can add session", "content_type": 6, "codename": "add_session"}}, {"model": "auth.permission", "pk": 22, "fields": {"name": "Can change session", "content_type": 6, "codename": "change_session"}}, {"model": "auth.permission", "pk": 23, "fields": {"name": "Can delete session", "content_type": 6, "codename": "delete_session"}}, {"model": "auth.permission", "pk": 24, "fields": {"name": "Can view session", "content_type": 6, "codename": "view_session"}}, {"model": "auth.permission", "pk": 25, "fields": {"name": "Can add contact", "content_type": 7, "codename": "add_contact"}}, {"model": "auth.permission", "pk": 26, "fields": {"name": "Can change contact", "content_type": 7, "codename": "change_contact"}}, {"model": "auth.permission", "pk": 27, "fields": {"name": "Can delete contact", "content_type": 7, "codename": "delete_contact"}}, {"model": "auth.permission", "pk": 28, "fields": {"name": "Can view contact", "content_type": 7, "codename": "view_contact"}}, {"model": "auth.permission", "pk": 29, "fields": {"name": "Can add news letter", "content_type": 8, "codename": "add_newsletter"}}, {"model": "auth.permission", "pk": 30, "fields": {"name": "Can change news letter", "content_type": 8, "codename": "change_newsletter"}}, {"model": "auth.permission", "pk": 31, "fields": {"name": "Can delete news letter", "content_type": 8, "codename": "delete_newsletter"}}, {"model": "auth.permission", "pk": 32, "fields": {"name": "Can view news letter", "content_type": 8, "codename": "view_newsletter"}}, {"model": "auth.permission", "pk": 33, "fields": {"name": "Can add captcha store", "content_type": 9, "codename": "add_captchastore"}}, {"model": "auth.permission", "pk": 34, "fields": {"name": "Can change captcha store", "content_type": 9, "codename": "change_captchastore"}}, {"model": "auth.permission", "pk": 35, "fields": {"name": "Can delete captcha store", "content_type": 9, "codename": "delete_captchastore"}}, {"model": "auth.permission", "pk": 36, "fields": {"name": "Can view captcha store", "content_type": 9, "codename": "view_captchastore"}}, {"model": "auth.permission", "pk": 37, "fields": {"name": "Can add attachment", "content_type": 10, "codename": "add_attachment"}}, {"model": "auth.permission", "pk": 38, "fields": {"name": "Can change attachment", "content_type": 10, "codename": "change_attachment"}}, {"model": "auth.permission", "pk": 39, "fields": {"name": "Can delete attachment", "content_type": 10, "codename": "delete_attachment"}}, {"model": "auth.permission", "pk": 40, "fields": {"name": "Can view attachment", "content_type": 10, "codename": "view_attachment"}}, {"model": "auth.permission", "pk": 41, "fields": {"name": "Can add category", "content_type": 11, "codename": "add_category"}}, {"model": "auth.permission", "pk": 42, "fields": {"name": "Can change category", "content_type": 11, "codename": "change_category"}}, {"model": "auth.permission", "pk": 43, "fields": {"name": "Can delete category", "content_type": 11, "codename": "delete_category"}}, {"model": "auth.permission", "pk": 44, "fields": {"name": "Can view category", "content_type": 11, "codename": "view_category"}}, {"model": "auth.permission", "pk": 45, "fields": {"name": "Can add post images", "content_type": 12, "codename": "add_postimages"}}, {"model": "auth.permission", "pk": 46, "fields": {"name": "Can change post images", "content_type": 12, "codename": "change_postimages"}}, {"model": "auth.permission", "pk": 47, "fields": {"name": "Can delete post images", "content_type": 12, "codename": "delete_postimages"}}, {"model": "auth.permission", "pk": 48, "fields": {"name": "Can view post images", "content_type": 12, "codename": "view_postimages"}}, {"model": "auth.permission", "pk": 49, "fields": {"name": "Can add tag", "content_type": 13, "codename": "add_tag"}}, {"model": "auth.permission", "pk": 50, "fields": {"name": "Can change tag", "content_type": 13, "codename": "change_tag"}}, {"model": "auth.permission", "pk": 51, "fields": {"name": "Can delete tag", "content_type": 13, "codename": "delete_tag"}}, {"model": "auth.permission", "pk": 52, "fields": {"name": "Can view tag", "content_type": 13, "codename": "view_tag"}}, {"model": "auth.permission", "pk": 53, "fields": {"name": "Can add comment", "content_type": 14, "codename": "add_comment"}}, {"model": "auth.permission", "pk": 54, "fields": {"name": "Can change comment", "content_type": 14, "codename": "change_comment"}}, {"model": "auth.permission", "pk": 55, "fields": {"name": "Can delete comment", "content_type": 14, "codename": "delete_comment"}}, {"model": "auth.permission", "pk": 56, "fields": {"name": "Can view comment", "content_type": 14, "codename": "view_comment"}}, {"model": "auth.permission", "pk": 57, "fields": {"name": "Can add post", "content_type": 15, "codename": "add_post"}}, {"model": "auth.permission", "pk": 58, "fields": {"name": "Can change post", "content_type": 15, "codename": "change_post"}}, {"model": "auth.permission", "pk": 59, "fields": {"name": "Can delete post", "content_type": 15, "codename": "delete_post"}}, {"model": "auth.permission", "pk": 60, "fields": {"name": "Can view post", "content_type": 15, "codename": "view_post"}}, {"model": "auth.permission", "pk": 61, "fields": {"name": "Can add post image", "content_type": 12, "codename": "add_postimage"}}, {"model": "auth.permission", "pk": 62, "fields": {"name": "Can change post image", "content_type": 12, "codename": "change_postimage"}}, {"model": "auth.permission", "pk": 63, "fields": {"name": "Can delete post image", "content_type": 12, "codename": "delete_postimage"}}, {"model": "auth.permission", "pk": 64, "fields": {"name": "Can view post image", "content_type": 12, "codename": "view_postimage"}}, {"model": "auth.permission", "pk": 65, "fields": {"name": "Can add tag", "content_type": 16, "codename": "add_tag"}}, {"model": "auth.permission", "pk": 66, "fields": {"name": "Can change tag", "content_type": 16, "codename": "change_tag"}}, {"model": "auth.permission", "pk": 67, "fields": {"name": "Can delete tag", "content_type": 16, "codename": "delete_tag"}}, {"model": "auth.permission", "pk": 68, "fields": {"name": "Can view tag", "content_type": 16, "codename": "view_tag"}}, {"model": "auth.permission", "pk": 69, "fields": {"name": "Can add category", "content_type": 17, "codename": "add_category"}}, {"model": "auth.permission", "pk": 70, "fields": {"name": "Can change category", "content_type": 17, "codename": "change_category"}}, {"model": "auth.permission", "pk": 71, "fields": {"name": "Can delete category", "content_type": 17, "codename": "delete_category"}}, {"model": "auth.permission", "pk": 72, "fields": {"name": "Can view category", "content_type": 17, "codename": "view_category"}}, {"model": "auth.permission", "pk": 73, "fields": {"name": "Can add product", "content_type": 18, "codename": "add_product"}}, {"model": "auth.permission", "pk": 74, "fields": {"name": "Can change product", "content_type": 18, "codename": "change_product"}}, {"model": "auth.permission", "pk": 75, "fields": {"name": "Can delete product", "content_type": 18, "codename": "delete_product"}}, {"model": "auth.permission", "pk": 76, "fields": {"name": "Can view product", "content_type": 18, "codename": "view_product"}}, {"model": "auth.permission", "pk": 77, "fields": {"name": "Can add product image", "content_type": 19, "codename": "add_productimage"}}, {"model": "auth.permission", "pk": 78, "fields": {"name": "Can change product image", "content_type": 19, "codename": "change_productimage"}}, {"model": "auth.permission", "pk": 79, "fields": {"name": "Can delete product image", "content_type": 19, "codename": "delete_productimage"}}, {"model": "auth.permission", "pk": 80, "fields": {"name": "Can view product image", "content_type": 19, "codename": "view_productimage"}}, {"model": "auth.permission", "pk": 81, "fields": {"name": "Can add comment", "content_type": 20, "codename": "add_comment"}}, {"model": "auth.permission", "pk": 82, "fields": {"name": "Can change comment", "content_type": 20, "codename": "change_comment"}}, {"model": "auth.permission", "pk": 83, "fields": {"name": "Can delete comment", "content_type": 20, "codename": "delete_comment"}}, {"model": "auth.permission", "pk": 84, "fields": {"name": "Can view comment", "content_type": 20, "codename": "view_comment"}}, {"model": "auth.permission", "pk": 85, "fields": {"name": "Can add site", "content_type": 21, "codename": "add_site"}}, {"model": "auth.permission", "pk": 86, "fields": {"name": "Can change site", "content_type": 21, "codename": "change_site"}}, {"model": "auth.permission", "pk": 87, "fields": {"name": "Can delete site", "content_type": 21, "codename": "delete_site"}}, {"model": "auth.permission", "pk": 88, "fields": {"name": "Can view site", "content_type": 21, "codename": "view_site"}}, {"model": "auth.permission", "pk": 89, "fields": {"name": "Can add rule", "content_type": 22, "codename": "add_rule"}}, {"model": "auth.permission", "pk": 90, "fields": {"name": "Can change rule", "content_type": 22, "codename": "change_rule"}}, {"model": "auth.permission", "pk": 91, "fields": {"name": "Can delete rule", "content_type": 22, "codename": "delete_rule"}}, {"model": "auth.permission", "pk": 92, "fields": {"name": "Can view rule", "content_type": 22, "codename": "view_rule"}}, {"model": "auth.permission", "pk": 93, "fields": {"name": "Can add url", "content_type": 23, "codename": "add_url"}}, {"model": "auth.permission", "pk": 94, "fields": {"name": "Can change url", "content_type": 23, "codename": "change_url"}}, {"model": "auth.permission", "pk": 95, "fields": {"name": "Can delete url", "content_type": 23, "codename": "delete_url"}}, {"model": "auth.permission", "pk": 96, "fields": {"name": "Can view url", "content_type": 23, "codename": "view_url"}}, {"model": "auth.user", "pk": 1, "fields": {"password": "pbkdf2_sha256$600000$GXWFuRUg8vGDWy5RwZxSRS$t1fE2nqOLutGdGwX0MqVdz3zm+uyiMcBl9Cd/rCQ0Ow=", "last_login": "2024-01-12T10:58:15.396Z", "is_superuser": true, "username": "admin", "first_name": "Mr.BoO", "last_name": "ScaryFunny", "email": "l.o0of.war@gmail.com", "is_staff": true, "is_active": true, "date_joined": "2023-11-28T09:04:26Z", "groups": [], "user_permissions": []}}, {"model": "auth.user", "pk": 2, "fields": {"password": "pbkdf2_sha256$600000$GBP5b8MePOWJo6GL4d0oZW$encFEM2bQhMzaDQQWmWum0zp/2xm/kqL7x4HhZuRVOU=", "last_login": null, "is_superuser": false, "username": "soheil", "first_name": "soheil", "last_name": "elahifar", "email": "soheil_94@gmail.com", "is_staff": false, "is_active": true, "date_joined": "2023-12-06T16:13:29Z", "groups": [], "user_permissions": []}}, {"model": "auth.user", "pk": 3, "fields": {"password": "pbkdf2_sha256$600000$tapXXCSkn2jj1PLecz9IAa$h90SOt/WQqRA3rv5jujO6Gt5wyvSYLYz3pzGK4s7iSM=", "last_login": null, "is_superuser": true, "username": "soheill", "first_name": "", "last_name": "", "email": "", "is_staff": true, "is_active": true, "date_joined": "2023-12-21T15:46:39.171Z", "groups": [], "user_permissions": []}}, {"model": "auth.user", "pk": 4, "fields": {"password": "pbkdf2_sha256$600000$qd0OYbXgjRxhEHrJjzDQ31$mfQaIdshhL/y6SkRGussbMUQz1EM4u1092XWATVk+cM=", "last_login": null, "is_superuser": false, "username": "saman", "first_name": "", "last_name": "", "email": "saman@gmail.com", "is_staff": false, "is_active": true, "date_joined": "2023-12-21T16:09:31.741Z", "groups": [], "user_permissions": []}}, {"model": "auth.user", "pk": 7, "fields": {"password": "pbkdf2_sha256$600000$SiRaZSkJLdr3DROVAM9o7V$8YOPmls/yHdPKpetdXoyukx/CLyl+eNdNCxcgoEbTR4=", "last_login": null, "is_superuser": false, "username": "soheil4", "first_name": "", "last_name": "", "email": "lsd@gmail.com", "is_staff": false, "is_active": true, "date_joined": "2023-12-22T14:40:39.419Z", "groups": [], "user_permissions": []}}, {"model": "auth.user", "pk": 8, "fields": {"password": "pbkdf2_sha256$600000$SOUcZDRY5ZnUTNNseh9bm7$BTMD3ShMu4+K6hZcQFUwgRl1KmZgVGuNG4eWioDt9Bg=", "last_login": null, "is_superuser": false, "username": "soheil11", "first_name": "", "last_name": "", "email": "shahraeini.s@gmail.com", "is_staff": false, "is_active": true, "date_joined": "2023-12-22T15:11:30.146Z", "groups": [], "user_permissions": []}}, {"model": "auth.user", "pk": 9, "fields": {"password": "pbkdf2_sha256$600000$YMr21EHQkRLVzRQiB7NPwh$9r/WweUp+NeLlwwo7FLR8P68SRoUxvX65ayyz0qVo9E=", "last_login": null, "is_superuser": false, "username": "soheil22", "first_name": "", "last_name": "", "email": "sl.o0of.war@gmail.com", "is_staff": false, "is_active": true, "date_joined": "2023-12-22T15:14:40.590Z", "groups": [], "user_permissions": []}}, {"model": "auth.user", "pk": 10, "fields": {"password": "pbkdf2_sha256$600000$lmLpM7amVL9yNpRxonEyq4$BUw2Z/MTTWBfq10OysSSwDbyTfwglPrcX+LSzbRg2hM=", "last_login": null, "is_superuser": false, "username": "soheil33", "first_name": "", "last_name": "", "email": "l.o0of.waer@gmail.com", "is_staff": false, "is_active": true, "date_joined": "2023-12-22T15:17:26.970Z", "groups": [], "user_permissions": []}}, {"model": "auth.user", "pk": 11, "fields": {"password": "pbkdf2_sha256$600000$YQ8AQfR3PsJ9lVtbK5yv0V$T/EENi0JQakPiKrGJJ7ooxBI9FZp67SihVthmmytqmA=", "last_login": "2023-12-22T15:19:36.488Z", "is_superuser": false, "username": "soheil55", "first_name": "", "last_name": "", "email": "l.ddd@gmail.com", "is_staff": false, "is_active": true, "date_joined": "2023-12-22T15:19:18.680Z", "groups": [], "user_permissions": []}}, {"model": "auth.user", "pk": 12, "fields": {"password": "pbkdf2_sha256$600000$LwayCnUZ1nxQzV7ZkRrspQ$ujsB0/D7rJ+lLGKjNK17VRoCVdLFLs//TeVy1g6An5w=", "last_login": null, "is_superuser": false, "username": "soheil88", "first_name": "", "last_name": "", "email": "sdad@gmail.com", "is_staff": false, "is_active": true, "date_joined": "2023-12-22T15:29:59.202Z", "groups": [], "user_permissions": []}}, {"model": "auth.user", "pk": 13, "fields": {"password": "pbkdf2_sha256$600000$IvqLrgiAnS9gZ3AWPmuU7C$IKtT0KaDuS4ybUCip3a1QqQhB5Lor50K5BH9qO8/B/I=", "last_login": "2023-12-22T15:50:02.139Z", "is_superuser": false, "username": "ssdd", "first_name": "", "last_name": "", "email": "soheill@gmail.com", "is_staff": false, "is_active": true, "date_joined": "2023-12-22T15:49:52.120Z", "groups": [], "user_permissions": []}}, {"model": "auth.user", "pk": 14, "fields": {"password": "pbkdf2_sha256$600000$h37txooQCmv2OkR4fgEvSf$AxAQDKq4vIa330xxYU5Ra1IbCbQ/+K+jP52HNJ7amDo=", "last_login": "2023-12-22T16:11:07.161Z", "is_superuser": false, "username": "amir", "first_name": "", "last_name": "", "email": "amir@gmail.com", "is_staff": false, "is_active": true, "date_joined": "2023-12-22T16:10:46.301Z", "groups": [], "user_permissions": []}}, {"model": "auth.user", "pk": 15, "fields": {"password": "pbkdf2_sha256$600000$wP22SaizFOs03W7GUJ4n1B$CRKmm1d0vqihf3FLiBsvkPCCuSCZ2hXhlIweT4CVWaY=", "last_login": "2023-12-22T16:30:47.837Z", "is_superuser": false, "username": "reza", "first_name": "", "last_name": "", "email": "reza1@gmail.com", "is_staff": false, "is_active": true, "date_joined": "2023-12-22T16:30:24.660Z", "groups": [], "user_permissions": []}}, {"model": "auth.user", "pk": 16, "fields": {"password": "pbkdf2_sha256$600000$XzilbEFIgcUHZhEjk7Fk7z$ChJODAY+epniRlo5Wuqs9NIMjE5WUGQK4nusIIIMdzY=", "last_login": "2023-12-26T06:59:45.907Z", "is_superuser": false, "username": "ssss", "first_name": "", "last_name": "", "email": "ldq@gmail.com", "is_staff": false, "is_active": true, "date_joined": "2023-12-23T06:09:23.556Z", "groups": [], "user_permissions": []}}, {"model": "auth.user", "pk": 17, "fields": {"password": "pbkdf2_sha256$600000$ra5XUh9PKw2mBUa1OUyb4q$JsMtJp9ki/fjSfyY1CTE51ZxtRxy92cLrFYGcOfehfg=", "last_login": null, "is_superuser": false, "username": "ertq", "first_name": "", "last_name": "", "email": "l.dsa@gmail.com", "is_staff": false, "is_active": true, "date_joined": "2023-12-23T07:35:06.748Z", "groups": [], "user_permissions": []}}, {"model": "auth.user", "pk": 18, "fields": {"password": "pbkdf2_sha256$600000$7UU8fGgwpDcySwftWu9cE4$BBP9/Rj+0BUa0X9Zx/jfz0xsU8k2t2Gro1S4w+Pn1Ms=", "last_login": null, "is_superuser": false, "username": "qqqq", "first_name": "", "last_name": "", "email": "qqqq@gmail.com", "is_staff": false, "is_active": true, "date_joined": "2023-12-26T05:42:41.284Z", "groups": [], "user_permissions": []}}, {"model": "auth.user", "pk": 19, "fields": {"password": "pbkdf2_sha256$600000$cMiVXKHS6e5hvFoPJUssua$aFPunXaY4JeiuJvmsT0hLA0rwXWF4eZ5t6hA53Cuc7Y=", "last_login": "2023-12-26T08:21:35.521Z", "is_superuser": false, "username": "iiii", "first_name": "", "last_name": "", "email": "iiii@gmail.com", "is_staff": false, "is_active": true, "date_joined": "2023-12-26T08:21:05.436Z", "groups": [], "user_permissions": []}}, {"model": "auth.user", "pk": 20, "fields": {"password": "pbkdf2_sha256$600000$30AuF4dSEwiCGizEdvhC46$/KKOX/mj9R8BS7hZZ9IP0zSNNo+CtO2KBYadSajxAT0=", "last_login": null, "is_superuser": false, "username": "eeee", "first_name": "", "last_name": "", "email": "eeee@gmail.com", "is_staff": false, "is_active": true, "date_joined": "2023-12-26T09:02:43.971Z", "groups": [], "user_permissions": []}}, {"model": "contenttypes.contenttype", "pk": 1, "fields": {"app_label": "admin", "model": "logentry"}}, {"model": "contenttypes.contenttype", "pk": 2, "fields": {"app_label": "auth", "model": "permission"}}, {"model": "contenttypes.contenttype", "pk": 3, "fields": {"app_label": "auth", "model": "group"}}, {"model": "contenttypes.contenttype", "pk": 4, "fields": {"app_label": "auth", "model": "user"}}, {"model": "contenttypes.contenttype", "pk": 5, "fields": {"app_label": "contenttypes", "model": "contenttype"}}, {"model": "contenttypes.contenttype", "pk": 6, "fields": {"app_label": "sessions", "model": "session"}}, {"model": "contenttypes.contenttype", "pk": 7, "fields": {"app_label": "light_mode", "model": "contact"}}, {"model": "contenttypes.contenttype", "pk": 8, "fields": {"app_label": "light_mode", "model": "newsletter"}}, {"model": "contenttypes.contenttype", "pk": 9, "fields": {"app_label": "captcha", "model": "captchastore"}}, {"model": "contenttypes.contenttype", "pk": 10, "fields": {"app_label": "django_summernote", "model": "attachment"}}, {"model": "contenttypes.contenttype", "pk": 11, "fields": {"app_label": "blog", "model": "category"}}, {"model": "contenttypes.contenttype", "pk": 12, "fields": {"app_label": "blog", "model": "postimage"}}, {"model": "contenttypes.contenttype", "pk": 13, "fields": {"app_label": "blog", "model": "tag"}}, {"model": "contenttypes.contenttype", "pk": 14, "fields": {"app_label": "blog", "model": "comment"}}, {"model": "contenttypes.contenttype", "pk": 15, "fields": {"app_label": "blog", "model": "post"}}, {"model": "contenttypes.contenttype", "pk": 16, "fields": {"app_label": "portfolio", "model": "tag"}}, {"model": "contenttypes.contenttype", "pk": 17, "fields": {"app_label": "portfolio", "model": "category"}}, {"model": "contenttypes.contenttype", "pk": 18, "fields": {"app_label": "portfolio", "model": "product"}}, {"model": "contenttypes.contenttype", "pk": 19, "fields": {"app_label": "portfolio", "model": "productimage"}}, {"model": "contenttypes.contenttype", "pk": 20, "fields": {"app_label": "portfolio", "model": "comment"}}, {"model": "contenttypes.contenttype", "pk": 21, "fields": {"app_label": "sites", "model": "site"}}, {"model": "contenttypes.contenttype", "pk": 22, "fields": {"app_label": "robots", "model": "rule"}}, {"model": "contenttypes.contenttype", "pk": 23, "fields": {"app_label": "robots", "model": "url"}}, {"model": "sessions.session", "pk": "4c5zyyyyjw331f43f6cus412bdlt0z7s", "fields": {"session_data": "eyJfcGFzc3dvcmRfcmVzZXRfdG9rZW4iOiJiemdiNjYtZmFkMGJkYzNkZGQ2OWZjNWIzZGNiZDljNzI0MTlkNGMifQ:1rFUKx:M4BiuQIyE-vINPe9iaxNfnYyNzZMz_qXZXPsWMYsgps", "expire_date": "2024-01-02T07:16:19.330Z"}}, {"model": "sessions.session", "pk": "54h8jo6hwgymgv7hyfj8y2wwdqau0rij", "fields": {"session_data": ".eJxVjDsOwjAQBe_iGlkh_lPS5wzWrneNA8iW4qRC3B0ipYD2zcx7iQjbWuLWeYkziYs4i9PvhpAeXHdAd6i3JlOr6zKj3BV50C6nRvy8Hu7fQYFevrU3yXhtyKkcSJN3OFhyaJEDAykdyLoQlCImjclzHi0ZpdOYwQwavXh_AO4eOFk:1rMB7S:1EzUkIZeF3LPjfKKxMiPUASLj00cPChykr8pkJVXY8A", "expire_date": "2024-01-20T18:10:02.659Z"}}, {"model": "sessions.session", "pk": "6ak020nd283saqg5zjjigbbel7ggor4c", "fields": {"session_data": "e30:1rI3MF:UPgnJ87w3KxZSHDyLs0CV-3w1pyKCTblXSkBGZh5Ju8", "expire_date": "2024-01-09T09:04:15.273Z"}}, {"model": "sessions.session", "pk": "9ynokbsdo6slqfu90dl6v9dcuuj9kbb5", "fields": {"session_data": ".eJxVjEEOwiAURO_C2hAolEKX7j0D-fC_FjVgoE00xrvbJl3oYjYzb96beVjmyS-Nqk_IRibZ4bcLEG-UtwGvkC-Fx5LnmgLfEL6vjZ8K0v24s3-CCdq0vgeBCsD22mo3KHI9kqQ1ZsAgO6FQSm1BKNEpdCbo6JywhErE3pyj6TZpo9ZSyZ6ej1RfbBSfL2gYPns:1rI8jZ:J0AoD7vC7Qy9qR4qnQkoWo4pgtm_m12L85Pql_FxPCs", "expire_date": "2024-01-09T14:48:41.719Z"}}, {"model": "sessions.session", "pk": "ac8zkiz65l4x7ydlkuubrruqziry47lf", "fields": {"session_data": "e30:1rGIu4:3iPJ2pA-qbq__a61IOj7BdoB6R_NmQbN50Vv-5D_rm8", "expire_date": "2024-01-04T13:15:56.589Z"}}, {"model": "sessions.session", "pk": "cmewzhbc5esmuz5tb2g3l8wn3b85l4a8", "fields": {"session_data": "e30:1rGgul:jxeL0-LPNCwvXJF_l4Fv6YvovBgOQfHkAWoSChAiAzc", "expire_date": "2024-01-05T14:54:15.563Z"}}, {"model": "sessions.session", "pk": "i33l842ca2ma81gsihuyj4f01rnxyf7m", "fields": {"session_data": ".eJxVjMsOgjAQRf-la9OAw6O6E9SV7HRNZqYtz0ACJTEY_92SsHF77rnnI0qeJ-vGzgziLLJbnl900xWtsytf38XauxUfAT3vIVbZSxxEiYury2U2U9lofwn_GSH71DboFodqlDwObmpIborc11kWozZ9trt_gRrn2r8psokCQ6ejNREkYapMzBFgAjYCUOSRYUzR85Q0xggJBwQ2BqsoZhbfH3OBSL8:1rOFEt:jwbuMz2CN3MUn74As04bHv-YE2VIZj_oL6xsDxLY7vk", "expire_date": "2024-01-26T10:58:15.399Z"}}, {"model": "sessions.session", "pk": "inavo8w1xpcac57duxlarlmqoe1g7k23", "fields": {"session_data": ".eJxVjDsOwyAQBe9CHSHALHhTpvcZ0PILTiKQjF1FuXtsyUXSvpl5b-ZoW4vbelrcHNmVSXb53TyFZ6oHiA-q98ZDq-sye34o_KSdTy2m1-10_w4K9bLXo42CbE5eawAJEc1AAFblLJQZ5GiDEJjIYMScNSBpQvBBKin8zhT7fAHOpTdF:1rA9qF:_JwQncbv8FQ1EDBYRg2fj_jk3jbXgw2OUMB8BoRLazs", "expire_date": "2023-12-18T14:22:35.870Z"}}, {"model": "sessions.session", "pk": "jqahrlun0hu6iu9w0kr3g8qqy8crt6b2", "fields": {"session_data": "e30:1rGJ94:drNIuY1GJzVEHXYjLlkHNHj9XkoYn9AySAAQTZojS0g", "expire_date": "2024-01-04T13:31:26.884Z"}}, {"model": "sessions.session", "pk": "kgy59j2x92x4ao1yh8awvzre69627phs", "fields": {"session_data": ".eJxVjkEOwiAURO_C2hAopUCX7j0D-fB_LWqgKW2iMd5da7rQ7bw3k3kyD-sy-rXS7BOynkl2-M0CxCvlDeAF8rnwWPIyp8A3he-08lNBuh13929ghDp-2hRBgwS0UdCgrHVkO1RBU7BdQ0Y7BCVkqyziINoo5dAYCs6YxrVGh--rSrWmkj3dpzQ_WC9eb6-zP00:1rLOzo:3dSsubHB-eIeoLEIKvvWi7JHJhAT96HZkdN5A-_5QME", "expire_date": "2024-01-18T14:46:56.984Z"}}, {"model": "sessions.session", "pk": "mhqyqewabzsyjk7rgq39803qr2fggsr9", "fields": {"session_data": ".eJxVjDsOwjAQBe_iGln-xYSU9JzB2vWuiQHZKE4kEOLuECkFtG_mzUsEWOYxLI2nkEkMQovd74YQr1xWQBco5ypjLfOUUa6K3GiTp0p8O27uX2CENn7fnFTHoCP5TiV3QCQwANwZILLe-RStMeiAdbIRVe-sJof93iS0Fnxao41by7UEftzz9BSDen8A1kJAPA:1rNJrY:A6NFQsG0Pf_PeQumPF1wlB1fZ7EeVyVY4yxw07CrvLg", "expire_date": "2024-01-23T21:42:20.524Z"}}, {"model": "sessions.session", "pk": "nlki7azj22z16psqxeizj4ssur89vbrm", "fields": {"session_data": "e30:1rGwWT:eFQRfFLOMCThy4oCZ-28FVz7uZqIV5w5fgiTVH-k69M", "expire_date": "2024-01-06T07:34:13.149Z"}}, {"model": "sessions.session", "pk": "pep5jpjut8qs4npfqvnwhp2vhctvrwqu", "fields": {"session_data": ".eJxVjDsOwjAQBe_iGlkh_qek5wyW17shBmRHdiKBEHeHSCmgfTNvXsyHdZn82qj6hGxgR3b43SDEG-UN4DXkS-Gx5KUm4JvCd9r4uSDdT7v7F5hCm75vq6KyUqERo0OJ1kCn0YAGchRQSIfaOCcEEkqIlsZeoxIy9mNQnQS7RRu1lkr29JhTfbKhe38An2g_lg:1rM3Ap:sYKpty_B519F8mOM5L3Qwr1Fkw3oX13UdfOGUTygn_U", "expire_date": "2024-01-20T09:40:59.156Z"}}, {"model": "sessions.session", "pk": "pnn22kj7cudrgk35r9lnxu879klfi16n", "fields": {"session_data": ".eJxVjDsOwyAQRO9CHaE1P0PK9D4DWmAJTiKQjF1FuXtsyUUy5bw382Yet7X4rdPi58SubGCX3y5gfFI9QHpgvTceW12XOfBD4SftfGqJXrfT_Tso2Mu-NoogaBAjjVkBkdqTpSChrUtBk0ENgaKVzjlLKIYMkRwok2WSwgH7fAHWUTd9:1rI3R9:blaj8tyLpEVSi7xOlNqSeDiB5jloL3_gtx2oF4WI3FE", "expire_date": "2024-01-09T09:09:19.729Z"}}, {"model": "sessions.session", "pk": "s128o9xu78re75ut80rs474af8a49vhl", "fields": {"session_data": ".eJxVjDsOwyAQBe9CHSHALHhTpvcZ0PILTiKQjF1FuXtsyUXSvpl5b-ZoW4vbelrcHNmVSXb53TyFZ6oHiA-q98ZDq-sye34o_KSdTy2m1-10_w4K9bLXo42CbE5eawAJEc1AAFblLJQZ5GiDEJjIYMScNSBpQvBBKin8zhT7fAHOpTdF:1r9qO8:fdpdDUY8yVYtB27S8nrsslk0ftBfQe1s3W4OBQZmJaI", "expire_date": "2023-12-17T17:36:16.471Z"}}, {"model": "sessions.session", "pk": "snrgxnio6a5h13235e4nbmacqbnm66mp", "fields": {"session_data": "e30:1rGwXT:lGUTzeCz8jiDUDsUgDVLSAeuH_BNY4PGSQiYlasCLVs", "expire_date": "2024-01-06T07:35:15.684Z"}}, {"model": "sessions.session", "pk": "vkyh9i7p8bbc4jhxkz1jgos34tifp749", "fields": {"session_data": ".eJxVjDsOwyAQBe9CHSHALHhTpvcZ0PILTiKQjF1FuXtsyUXSvpl5b-ZoW4vbelrcHNmVSXb53TyFZ6oHiA-q98ZDq-sye34o_KSdTy2m1-10_w4K9bLXo42CbE5eawAJEc1AAFblLJQZ5GiDEJjIYMScNSBpQvBBKin8zhT7fAHOpTdF:1r7u1H:gJghNvsExbC8cmpmir2Gwevj5uRVNxa6a-M8XgJueNo", "expire_date": "2023-12-12T09:04:39.732Z"}}, {"model": "sessions.session", "pk": "ylok9nh7s17dk9a94xi8ggakjg9f9n77", "fields": {"session_data": ".eJxVjDsOwjAQBe_iGln-xZ-U9JzB2qwXYkA2ihMJhLg7iZQC2pl5780iLPMYl0ZTzIn1TLLDLxsAb1Q2ka5QLpVjLfOUB74lfLeNn2qi-3Fv_w5GaOO6Nha1ckFIMojgROeF0MnYAEhyxRLPyQXvqXOkrEclrXJrqSDoMGjYThu1lmuJ9Hzk6cV68fkCXXA-fQ:1rI94j:wR-AaG0VeVyx-Xvs5s--h401pltZET7uIs03keiCD-A", "expire_date": "2024-01-09T15:10:33.516Z"}}, {"model": "sessions.session", "pk": "z35p77bb9vl1vhgm3as9pr8rlqomtu02", "fields": {"session_data": ".eJxVjkEOwiAURO_C2hAopUCX7j0D-fB_LWqgKW2iMd5da7rQ7bw3k3kyD-sy-rXS7BOynkl2-M0CxCvlDeAF8rnwWPIyp8A3he-08lNBuh13929ghDp-2hRBgwS0UdCgrHVkO1RBU7BdQ0Y7BCVkqyziINoo5dAYCs6YxrVGh--rSrWmkj3dpzQ_WC9eb6-zP00:1rLhGg:uRUJEHvww6b0B--q4x6M6Fhhxa4f7_Qlz8B9JNBfptY", "expire_date": "2024-01-19T10:17:34.415Z"}}, {"model": "sites.site", "pk": 1, "fields": {"domain": "example.com", "name": "example.com"}}, {"model": "sites.site", "pk": 2, "fields": {"domain": "127.0.0.1:8000", "name": "127.0.0.1:8000"}}, {"model": "django_summernote.attachment", "pk": 1, "fields": {"name": "Properties-of-agate-for-the-body-1024x818.webp", "file": "django-summernote/2023-12-06/29a88c15-72e4-41a6-82f2-a37020fe65d6.webp", "uploaded": "2023-12-06T15:06:17.416Z"}}, {"model": "django_summernote.attachment", "pk": 2, "fields": {"name": "f1.jpg", "file": "django-summernote/2023-12-06/e89c91b7-83f7-4710-a8c4-6dd8954a1edd.jpg", "uploaded": "2023-12-06T16:15:52.768Z"}}, {"model": "django_summernote.attachment", "pk": 3, "fields": {"name": "beyhagh-bastan2.png", "file": "django-summernote/2023-12-06/b13b4297-6fd4-4df5-9d65-a6c6958bc7db.png", "uploaded": "2023-12-06T16:52:25.216Z"}}, {"model": "blog.category", "pk": 1, "fields": {"name": "گالری دی 1403"}}, {"model": "blog.category", "pk": 2, "fields": {"name": "گالری بهمن 1402"}}, {"model": "blog.category", "pk": 3, "fields": {"name": "گالری اسفند 1402"}}, {"model": "blog.category", "pk": 4, "fields": {"name": "گالری فروردین 1403"}}, {"model": "blog.tag", "pk": 1, "fields": {"name": "عتیقه"}}, {"model": "blog.tag", "pk": 2, "fields": {"name": "نگین"}}, {"model": "blog.tag", "pk": 3, "fields": {"name": "فیروزه"}}, {"model": "blog.tag", "pk": 4, "fields": {"name": "عقیق"}}, {"model": "blog.tag", "pk": 5, "fields": {"name": "روسی"}}, {"model": "blog.tag", "pk": 6, "fields": {"name": "داس و چکش"}}, {"model": "blog.post", "pk": 1, "fields": {"author": 1, "image_main": "blog/Properties-of-agate-for-the-body-1024x818.webp", "image_content_1": "blog/image_content.png", "image_content_2": "blog/image_content.png", "title": "خواص انگشتری عقیق", "sub_title": "شناختی عمیق تر از خواص انگشتری عقیق و همچنین راه کارهایی جهت حفظ هر آنچه بیشتر آنشناختی عمیق تر از خواص انگشتری عقیق و همچنین راه کارهایی جهت حفظ هر آنچه بیشتر آنشناختی عمیق تر از خواص انگشتری عقیق و همچنین راه کارهایی جهت حفظ هر آنچه بیشتر آنشناختی عمیق", "content_1": "این یک متن تصادفی است&nbsp;این یک متن تصادفی است&nbsp;این یک متن تصادفی است&nbsp;این یک متن تصادفی است&nbsp;این یک متن تصادفی است&nbsp;این یک متن تصادفی است&nbsp;این یک متن تصادفی است&nbsp;این یک متن تصادفی است&nbsp;این یک متن تصادفی است&nbsp;این یک متن تصادفی است&nbsp;این یک متن تصادفی است&nbsp;این یک متن تصادفی است&nbsp;این یک متن تصادفی است&nbsp;این یک متن تصادفی است&nbsp;این یک متن تصادفی است&nbsp;این یک متن تصادفی است&nbsp;این یک متن تصادفی است&nbsp;این یک متن تصادفی است&nbsp;این یک متن تصادفی است&nbsp;این یک متن تصادفی است&nbsp;این یک متن تصادفی است&nbsp;این یک متن تصادفی است&nbsp;این یک متن تصادفی است&nbsp;این یک متن تصادفی است&nbsp;این یک متن تصادفی است&nbsp;این یک متن تصادفی است&nbsp;این یک متن تصادفی است&nbsp;این یک متن تصادفی است&nbsp;این یک متن تصادفی است&nbsp;این یک متن تصادفی است&nbsp;این یک متن تصادفی است&nbsp;این یک متن تصادفی است&nbsp;این یک متن تصادفی است&nbsp;این یک متن تصادفی است&nbsp;این یک متن تصادفی است ساعت", "content_2": "این یک متن تصادفی است&nbsp;این یک متن تصادفی است&nbsp;این یک متن تصادفی است&nbsp;این یک متن تصادفی است&nbsp;این یک متن تصادفی است&nbsp;این یک متن تصادفی است&nbsp;این یک متن تصادفی است&nbsp;این یک متن تصادفی است&nbsp;این یک متن تصادفی است&nbsp;این یک متن تصادفی است&nbsp;این یک متن تصادفی است&nbsp;این یک متن تصادفی است&nbsp;این یک متن تصادفی است&nbsp;این یک متن تصادفی است&nbsp;این یک متن تصادفی است&nbsp;این یک متن تصادفی است&nbsp;این یک متن تصادفی است&nbsp;این یک متن تصادفی است&nbsp;این یک متن تصادفی است&nbsp;این یک متن تصادفی است&nbsp;این یک متن تصادفی است&nbsp;این یک متن تصادفی است&nbsp;این یک متن تصادفی است&nbsp;این یک متن تصادفی است&nbsp;این یک متن تصادفی است&nbsp;این یک متن تصادفی است&nbsp;این یک متن تصادفی است&nbsp;این یک متن تصادفی است&nbsp;این یک متن تصادفی است&nbsp;این یک متن تصادفی است&nbsp;این یک متن تصادفی است&nbsp;این یک متن تصادفی است&nbsp;این یک متن تصادفی است&nbsp;این یک متن تصادفی است&nbsp;این یک متن تصادفی است ساعتفقیق", "counted_views": 346, "status": true, "login_require": false, "published_date": "2023-12-06T15:06:58Z", "created_date": "2023-12-06T15:07:04.838Z", "updated_date": "2024-01-12T10:02:50.848Z", "category": [1], "tag": [2, 4]}}, {"model": "blog.post", "pk": 2, "fields": {"author": 2, "image_main": "blog/f1.jpg", "image_content_1": "blog/image_content.png", "image_content_2": "blog/image_content.png", "title": "انگشتری فیروزه", "sub_title": "1", "content_1": "این یک متن تصادفی است این یک متن تصادفی است این یک متن تصادفی است این یک متن تصادفی است این یک متن تصادفی است این یک متن تصادفی است این یک متن تصادفی است این یک متن تصادفی است این یک متن تصادفی است این یک متن تصادفی است این یک متن تصادفی است این یک متن تصادفی است این یک متن تصادفی است این یک متن تصادفی است این یک متن تصادفی است این یک متن تصادفی است این یک متن تصادفی است این یک متن تصادفی است این یک متن تصادفی است این یک متن تصادفی است این یک متن تصادفی است این یک متن تصادفی است این یک متن تصادفی است این یک متن تصادفی است این یک متن تصادفی است این یک متن تصادفی است این یک متن تصادفی است این یک متن تصادفی است این یک متن تصادفی است این یک متن تصادفی است این یک متن تصادفی است این یک متن تصادفی است این یک متن تصادفی است این یک متن تصادفی است این یک متن تصادفی است ساعت", "content_2": "این یک متن تصادفی است این یک متن تصادفی است این یک متن تصادفی است این یک متن تصادفی است این یک متن تصادفی است این یک متن تصادفی است این یک متن تصادفی است این یک متن تصادفی است این یک متن تصادفی است این یک متن تصادفی است این یک متن تصادفی است این یک متن تصادفی است این یک متن تصادفی است این یکن تصادفی است این یک متن تصادفی است این یک متن تصادفی است این یک متن تصادفی است این یک متن تصادفی است این یک متن تصادفی است این یک متن تصادفی است این یک متن تصادفی است ساعت", "counted_views": 86, "status": true, "login_require": true, "published_date": "2023-12-06T16:15:30Z", "created_date": "2023-12-06T16:15:39.681Z", "updated_date": "2024-01-12T10:02:35.314Z", "category": [2], "tag": [2, 3]}}, {"model": "blog.post", "pk": 3, "fields": {"author": 1, "image_main": "blog/5432274.jpg", "image_content_1": "blog/image_content.png", "image_content_2": "blog/image_content.png", "title": "بیهق باستان", "sub_title": "1", "content_1": "این یک متن تصادفی است این یک متن تصادفی است این یک متن تصادفی است این یک متن تصادفی است این یک متن تصادفی است این یک متن تصادفی است این یک متن تصادفی است این یک متن تصادفی است این یک متن تصادفی است این یک متن تصادفی است این یک متن تصادفی است این یک متن تصادفی است این یک متن تصادفی است این یک متن تصادفی است این یک متن تصادفی است این یک متن تصادفی است این یک متن تصادفی است این یک متن تصادفی است این یک متن تصادفی است این یک متن تصادفی است این یک متن تصادفی است این یک متن تصادفی است این یک متن تصادفی است این یک متن تصادفی است این یک متن تصادفی است این یک متن تصادفی است این یک متن تصادفی است این یک متن تصادفی است این یک متن تصادفی است این یک متن تصادفی است این یک متن تصادفی است این یک متن تصادفی است این یک متن تصادفی است این یک متن تصادفی است این یک متن تصادفی است ساعت", "content_2": "این یک متن تصادفی است&nbsp;این یک متن تصادفی است&nbsp;این یک متن تصادفی است&nbsp;این یک متن تصادفی است&nbsp;این یک متن تصادفی است&nbsp;این یک متن تصادفی است&nbsp;این یک متن تصادفی است&nbsp;این یک متن تصادفی است&nbsp;این یک متن تصادفی است تصادفی است&nbsp;این یک متن تصادفی است&nbsp;این یک متن تصادفی است&nbsp;این یک متن تصادفی است&nbsp;این یک متن تصادفی است ساعت عقیق", "counted_views": 131, "status": true, "login_require": false, "published_date": "2023-12-06T16:54:15Z", "created_date": "2023-12-06T16:54:44.881Z", "updated_date": "2024-01-04T09:59:48.430Z", "category": [4], "tag": [1, 2, 3, 4, 5, 6]}}, {"model": "blog.post", "pk": 4, "fields": {"author": 2, "image_main": "blog/1.jpg", "image_content_1": "blog/image_content.png", "image_content_2": "blog/image_content.png", "title": "ساعت رومیزی", "sub_title": "1", "content_1": "این یک متن تصادفی است این یک متن تصادفی است این یک متن تصادفی است این یک متن تصادفی است این یک متن تصادفی است این یک متن تصادفی است این یک متن تصادفی است این یک متن تصادفی است این یک متن تصادفی است این یک متن تصادفی است این یک متن تصادفی است این یک متن تصادفی است این یک متن تصادفی است این یک متن تصادفی است این یک متن تصادفی است این یک متن تصادفی است این یک متن تصادفی است این یک متن تصادفی است این یک متن تصادفی است این یک متن تصادفی است این یک متن تصادفی است این یک متن تصادفی است این یک متن تصادفی است این یک متن تصادفی است این یک متن تصادفی است این یک متن تصادفی است این یک متن تصادفی است این یک متن تصادفی است این یک متن تصادفی است این یک متن تصادفی است این یک متن تصادفی است این یک متن تصادفی است این یک متن تصادفی است این یک متن تصادفی است این یک متن تصادفی است ساعت", "content_2": "این یک متن تصادفی است این یک متن تصادفی است این یک متن تصادفی است این یک متن تصادفی است این یک متن تصادفی است این یک متن تصادفی است این یک متن تصادفی است این یک متن تصادفی است این یک متن تصادفی ست این یک متن تصادفی است این یک متن تصادفی است این یک متن تصادفی است این یک متن تصادفی است این یک متن تصادفی است این یک متن تصادفی است این یک متن تصادفی است این یک متن تصادفی است این یک متن تصادفی است این یک متن تصادفی است این یک متن تصادفی است این یک متن تصادفی است ساعت", "counted_views": 71, "status": true, "login_require": false, "published_date": "2023-12-10T17:17:34Z", "created_date": "2023-12-10T17:17:37.260Z", "updated_date": "2024-01-11T22:06:18.040Z", "category": [1], "tag": [1, 5]}}, {"model": "blog.post", "pk": 5, "fields": {"author": 1, "image_main": "blog/2.webp", "image_content_1": "blog/image_content.png", "image_content_2": "blog/image_content.png", "title": "میز قدیمی", "sub_title": "1", "content_1": "<p style=\"text-align: right;\"><span style=\"text-align: start;\">این یک متن تصادفی است&nbsp;این یک متن تصادفی است&nbsp;این یک متن تصادفی است&nbsp;این یک متن تصادفی است&nbsp;این یک متن تصادفی است&nbsp;این یک متن تصادفی است&nbsp;این یک متن تصادفی است&nbsp;این یک متن تصادفی است&nbsp;این یک متن تصادفی است&nbsp;این یک متن تصادفی است&nbsp;این یک متن تصادفی است&nbsp;این یک متن تصادفی است&nbsp;این یک متن تصادفی است&nbsp;این یک متن تصادفی است&nbsp;این یک متن تصادفی است&nbsp;این یک متن تصادفی است&nbsp;این یک متن تصادفی است&nbsp;این یک متن تصادفی است&nbsp;این یک متن تصادفی است&nbsp;این یک متن تصادفی است&nbsp;این یک متن تصادفی است&nbsp;این یک متن تصادفی است&nbsp;این یک متن تصادفی است&nbsp;این یک متن تصادفی است&nbsp;این یک متن تصادفی است&nbsp;این یک متن تصادفی است&nbsp;این یک متن تصادفی است&nbsp;این یک متن تصادفی است&nbsp;این یک متن تصادفی است&nbsp;این یک متن تصادفی است&nbsp;این یک متن تصادفی است&nbsp;این یک متن تصادفی است&nbsp;این یک متن تصادفی است&nbsp;این یک متن تصادفی است&nbsp;این یک متن تصادفی است میز قدیمی</span><br></p>", "content_2": "1", "counted_views": 9, "status": false, "login_require": false, "published_date": "2023-12-10T17:19:13Z", "created_date": "2023-12-10T17:19:14.443Z", "updated_date": "2023-12-14T16:49:53.307Z", "category": [2], "tag": [5, 6]}}, {"model": "blog.post", "pk": 6, "fields": {"author": 1, "image_main": "blog/3.jpeg", "image_content_1": "blog/image_content.png", "image_content_2": "blog/image_content.png", "title": "تپانچه", "sub_title": "1", "content_1": "<p>این یک متن تصادفی است&nbsp;این یک متن تصادفی است&nbsp;این یک متن تصادفی است&nbsp;این یک متن تصادفی است&nbsp;این یک متن تصادفی است&nbsp;این یک متن تصادفی است&nbsp;این یک متن تصادفی است&nbsp;این یک متن تصادفی است&nbsp;این یک متن تصادفی است&nbsp;این یک متن تصادفی است&nbsp;این یک متن تصادفی است&nbsp;این یک متن تصادفی است&nbsp;این یک متن تصادفی است&nbsp;این یک متن تصادفی است&nbsp;این یک متن تصادفی است&nbsp;این یک متن تصادفی است&nbsp;این یک متن تصادفی است&nbsp;این یک متن تصادفی است&nbsp;این یک متن تصادفی است&nbsp;این یک متن تصادفی است&nbsp;این یک متن تصادفی است&nbsp;این یک متن تصادفی است&nbsp;این یک متن تصادفی است&nbsp;این یک متن تصادفی است&nbsp;این یک متن تصادفی است&nbsp;این یک متن تصادفی است&nbsp;این یک متن تصادفی است&nbsp;این یک متن تصادفی است&nbsp;این یک متن تصادفی است&nbsp;این یک متن تصادفی است&nbsp;این یک متن تصادفی است&nbsp;این یک متن تصادفی است&nbsp;این یک متن تصادفی است&nbsp;این یک متن تصادفی است&nbsp;این یک متن تصادفی است تپانچه<br></p>", "content_2": "1", "counted_views": 61, "status": true, "login_require": false, "published_date": "2023-12-10T17:19:52Z", "created_date": "2023-12-10T17:19:57.624Z", "updated_date": "2024-01-09T21:30:36.033Z", "category": [4], "tag": [1, 5, 6]}}, {"model": "blog.post", "pk": 7, "fields": {"author": 2, "image_main": "blog/4.jpg", "image_content_1": "blog/image_content.png", "image_content_2": "blog/image_content.png", "title": "قوری مفرق", "sub_title": "1", "content_1": "<p style=\"text-align: right; \"><span style=\"text-align: start;\">این یک متن تصادفی است&nbsp;این یک متن تصادفی است&nbsp;این یک متن تصادفی است&nbsp;این یک متن تصادفی است&nbsp;این یک متن تصادفی است&nbsp;این یک متن تصادفی است&nbsp;این یک متن تصادفی است&nbsp;این یک متن تصادفی است&nbsp;این یک متن تصادفی است&nbsp;این یک متن تصادفی است&nbsp;این یک متن تصادفی است&nbsp;این یک متن تصادفی است&nbsp;این یک متن تصادفی است&nbsp;این یک متن تصادفی است&nbsp;این یک متن تصادفی است&nbsp;این یک متن تصادفی است&nbsp;این یک متن تصادفی است&nbsp;این یک متن تصادفی است&nbsp;این یک متن تصادفی است&nbsp;این یک متن تصادفی است&nbsp;این یک متن تصادفی است&nbsp;این یک متن تصادفی است&nbsp;این یک متن تصادفی است&nbsp;این یک متن تصادفی است&nbsp;این یک متن تصادفی است&nbsp;این یک متن تصادفی است&nbsp;این یک متن تصادفی است&nbsp;این یک متن تصادفی است&nbsp;این یک متن تصادفی است&nbsp;این یک متن تصادفی است&nbsp;این یک متن تصادفی است&nbsp;این یک متن تصادفی است&nbsp;این یک متن تصادفی است&nbsp;این یک متن تصادفی است&nbsp;این یک متن تصادفی است قوری مفرق</span><br></p>", "content_2": "1", "counted_views": 32, "status": true, "login_require": false, "published_date": "2023-12-10T17:20:32Z", "created_date": "2023-12-10T17:20:37.978Z", "updated_date": "2024-01-09T21:21:38.730Z", "category": [2], "tag": [1]}}, {"model": "blog.post", "pk": 8, "fields": {"author": 1, "image_main": "blog/5.jpeg", "image_content_1": "blog/image_content.png", "image_content_2": "blog/image_content.png", "title": "دستبند طلا", "sub_title": "1", "content_1": "<p style=\"text-align: right;\"><span style=\"text-align: start;\">این یک متن تصادفی است&nbsp;این یک متن تصادفی است&nbsp;این یک متن تصادفی است&nbsp;این یک متن تصادفی است&nbsp;این یک متن تصادفی است&nbsp;این یک متن تصادفی است&nbsp;این یک متن تصادفی است&nbsp;این یک متن تصادفی است&nbsp;این یک متن تصادفی است&nbsp;این یک متن تصادفی است&nbsp;این یک متن تصادفی است&nbsp;این یک متن تصادفی است&nbsp;این یک متن تصادفی است&nbsp;این یک متن تصادفی است&nbsp;این یک متن تصادفی است&nbsp;این یک متن تصادفی است&nbsp;این یک متن تصادفی است&nbsp;این یک متن تصادفی است&nbsp;این یک متن تصادفی است&nbsp;این یک متن تصادفی است&nbsp;این یک متن تصادفی است&nbsp;این یک متن تصادفی است&nbsp;این یک متن تصادفی است&nbsp;این یک متن تصادفی است&nbsp;این یک متن تصادفی است&nbsp;این یک متن تصادفی است&nbsp;این یک متن تصادفی است&nbsp;این یک متن تصادفی است&nbsp;این یک متن تصادفی است&nbsp;این یک متن تصادفی است&nbsp;این یک متن تصادفی است&nbsp;این یک متن تصادفی است&nbsp;این یک متن تصادفی است&nbsp;این یک متن تصادفی است&nbsp;این یک متن تصادفی است دستبند طلا</span><br></p>", "content_2": "1", "counted_views": 10, "status": true, "login_require": false, "published_date": "2023-12-10T17:21:21Z", "created_date": "2023-12-10T17:21:22.501Z", "updated_date": "2024-01-09T21:21:39.734Z", "category": [4], "tag": [1, 4]}}, {"model": "blog.postimage", "pk": 1, "fields": {"post": 1, "name": "عقیق-1", "image": "blog/a1.jpg"}}, {"model": "blog.postimage", "pk": 2, "fields": {"post": 1, "name": "عقیق-2", "image": "blog/a2.jpg"}}, {"model": "blog.postimage", "pk": 3, "fields": {"post": 2, "name": "فیروزه-1", "image": "blog/f3.jpg"}}, {"model": "blog.postimage", "pk": 4, "fields": {"post": 2, "name": "فیروزه-2", "image": "blog/f2.jpg"}}, {"model": "blog.postimage", "pk": 5, "fields": {"post": 2, "name": "فیروزه-3", "image": "blog/f4.jpg"}}, {"model": "blog.postimage", "pk": 10, "fields": {"post": 5, "name": "اصلی", "image": "blog/2_jerRr58.webp"}}, {"model": "blog.postimage", "pk": 11, "fields": {"post": 5, "name": "اصلی2", "image": "blog/2-2.jpg"}}, {"model": "blog.postimage", "pk": 12, "fields": {"post": 5, "name": "اصلی3", "image": "blog/2-3.jpg"}}, {"model": "blog.postimage", "pk": 13, "fields": {"post": 5, "name": "اصلی4", "image": "blog/2-4.jpg"}}, {"model": "blog.postimage", "pk": 14, "fields": {"post": 6, "name": "اصلی", "image": "blog/3_v3p2jcb.jpeg"}}, {"model": "blog.postimage", "pk": 15, "fields": {"post": 6, "name": "اصلی2", "image": "blog/3-2.jpeg"}}, {"model": "blog.postimage", "pk": 16, "fields": {"post": 6, "name": "اصلی3", "image": "blog/3-3.jpeg"}}, {"model": "blog.postimage", "pk": 17, "fields": {"post": 6, "name": "اصلی4", "image": "blog/3-4.jpeg"}}, {"model": "blog.postimage", "pk": 18, "fields": {"post": 7, "name": "اصلی", "image": "blog/4_Qtb08qd.jpg"}}, {"model": "blog.postimage", "pk": 19, "fields": {"post": 7, "name": "اصلی2", "image": "blog/4-2.jpg"}}, {"model": "blog.postimage", "pk": 20, "fields": {"post": 7, "name": "اصلی3", "image": "blog/4-3.jpg"}}, {"model": "blog.postimage", "pk": 21, "fields": {"post": 7, "name": "اصلی4", "image": "blog/4-4.jpg"}}, {"model": "blog.postimage", "pk": 22, "fields": {"post": 8, "name": "اصلی4", "image": "blog/5-4.jpeg"}}, {"model": "blog.postimage", "pk": 23, "fields": {"post": 8, "name": "اصلی", "image": "blog/5_5Z0rUZI.jpeg"}}, {"model": "blog.postimage", "pk": 24, "fields": {"post": 8, "name": "اصلی2", "image": "blog/5-2.jpeg"}}, {"model": "blog.postimage", "pk": 25, "fields": {"post": 8, "name": "اصلی3", "image": "blog/5-3.jpeg"}}, {"model": "blog.postimage", "pk": 26, "fields": {"post": 4, "name": "ساعت 1", "image": "blog/1-1_RTLGh9a.jpg"}}, {"model": "blog.postimage", "pk": 27, "fields": {"post": 4, "name": "ساعت 2", "image": "blog/1-2_xSUOJf8.jpg"}}, {"model": "blog.postimage", "pk": 28, "fields": {"post": 4, "name": "ساعت 3", "image": "blog/1-3_OFxvBQx.jpg"}}, {"model": "blog.postimage", "pk": 29, "fields": {"post": 4, "name": "ساعت 4", "image": "blog/1-4_9GZxyK2.jpg"}}, {"model": "blog.comment", "pk": 1, "fields": {"post": 1, "name": "ali", "email": "ali@gmail.com", "subject": "Hi", "message": "well....", "approved": true, "created_date": "2023-12-06T16:02:03.742Z", "published_date": "2023-12-28T10:04:55.173Z"}}, {"model": "blog.comment", "pk": 2, "fields": {"post": 2, "name": "soheil", "email": "l.o0of.war@gmail.com", "subject": "Hi again", "message": "Well again ....", "approved": true, "created_date": "2023-12-06T16:26:37.726Z", "published_date": "2023-12-06T16:26:37.726Z"}}, {"model": "blog.comment", "pk": 3, "fields": {"post": 1, "name": "Mr.BoO", "email": "l.o0of.war@gmail.com", "subject": "sda", "message": "eqweqeq", "approved": true, "created_date": "2023-12-28T10:00:33.354Z", "published_date": "2023-12-28T10:04:51.917Z"}}, {"model": "blog.comment", "pk": 4, "fields": {"post": 1, "name": "Mr.BoO", "email": "l.o0of.war@gmail.com", "subject": "test 1", "message": "test 1 message", "approved": true, "created_date": "2023-12-28T10:01:10.392Z", "published_date": "2023-12-28T10:04:49.178Z"}}, {"model": "blog.comment", "pk": 5, "fields": {"post": 1, "name": "saman", "email": "saman@gmail.com", "subject": "hi", "message": "Well Well Well ...", "approved": true, "created_date": "2023-12-28T10:01:43.475Z", "published_date": "2023-12-28T10:04:45.927Z"}}, {"model": "blog.comment", "pk": 6, "fields": {"post": 1, "name": "Hessam", "email": "hi@gmail.com", "subject": "Hello", "message": "It's a simple text.", "approved": true, "created_date": "2023-12-28T10:04:16.936Z", "published_date": "2023-12-28T10:04:40.226Z"}}, {"model": "blog.comment", "pk": 7, "fields": {"post": 4, "name": "Mr.BoO", "email": "l.o0of.war@gmail.com", "subject": "سلام", "message": "آفرین عجب سایتی شد :)", "approved": false, "created_date": "2024-01-04T14:49:44.969Z", "published_date": "2024-01-04T14:49:44.969Z"}}, {"model": "blog.comment", "pk": 8, "fields": {"post": 4, "name": "Mr.BoO", "email": "l.o0of.war@gmail.com", "subject": "سلام", "message": "همون قبلی :)", "approved": false, "created_date": "2024-01-04T14:50:18.785Z", "published_date": "2024-01-04T14:50:18.785Z"}}, {"model": "light_mode.contact", "pk": 50, "fields": {"name": "e", "email": "shahraeini.s@gmail.com", "subject": "fs", "message": "ee", "created_date": "2024-01-06T21:05:27.459Z", "updated_date": "2024-01-06T21:05:27.459Z"}}, {"model": "light_mode.contact", "pk": 51, "fields": {"name": "ssssx", "email": "shahraeini.s@gmail.com", "subject": "zx", "message": "sdasda", "created_date": "2024-01-06T21:09:03.888Z", "updated_date": "2024-01-06T21:09:03.888Z"}}, {"model": "light_mode.contact", "pk": 52, "fields": {"name": "ew", "email": "shahraeini.s@gmail.com", "subject": "sda", "message": "weq", "created_date": "2024-01-07T11:51:29.870Z", "updated_date": "2024-01-07T11:51:29.870Z"}}, {"model": "light_mode.newsletter", "pk": 75, "fields": {"email": "BoO@gmail.com", "created_date": "2024-01-06T20:51:06.247Z"}}, {"model": "light_mode.newsletter", "pk": 76, "fields": {"email": "BoO@gmail.com", "created_date": "2024-01-06T20:51:28.759Z"}}, {"model": "light_mode.newsletter", "pk": 77, "fields": {"email": "BoO@gmail.com", "created_date": "2024-01-06T20:51:42.339Z"}}, {"model": "light_mode.newsletter", "pk": 78, "fields": {"email": "BoO@gmail.com", "created_date": "2024-01-06T20:52:22.420Z"}}, {"model": "light_mode.newsletter", "pk": 79, "fields": {"email": "wwew@gmail.com", "created_date": "2024-01-06T20:52:40.728Z"}}, {"model": "light_mode.newsletter", "pk": 80, "fields": {"email": "elahifar.s94@gmail.com", "created_date": "2024-01-06T20:53:08.645Z"}}, {"model": "light_mode.newsletter", "pk": 81, "fields": {"email": "elahifar.s94@gmail.com", "created_date": "2024-01-06T20:53:28.626Z"}}, {"model": "light_mode.newsletter", "pk": 82, "fields": {"email": "wwew@gmail.com", "created_date": "2024-01-06T20:55:13.628Z"}}, {"model": "light_mode.newsletter", "pk": 83, "fields": {"email": "shahraeini.s@gmail.com", "created_date": "2024-01-06T20:56:04.794Z"}}, {"model": "light_mode.newsletter", "pk": 84, "fields": {"email": "shahraeini.s@gmail.com", "created_date": "2024-01-06T20:56:19.459Z"}}, {"model": "light_mode.newsletter", "pk": 85, "fields": {"email": "BoO@gmail.com", "created_date": "2024-01-06T21:04:30.714Z"}}, {"model": "light_mode.newsletter", "pk": 86, "fields": {"email": "elahifar.s94@gmail.com", "created_date": "2024-01-06T21:05:13.838Z"}}, {"model": "light_mode.newsletter", "pk": 87, "fields": {"email": "BoO@gmail.com", "created_date": "2024-01-06T21:08:39.397Z"}}, {"model": "light_mode.newsletter", "pk": 88, "fields": {"email": "BoO@gmail.com", "created_date": "2024-01-07T11:51:13.839Z"}}, {"model": "light_mode.newsletter", "pk": 89, "fields": {"email": "l.o0of.war@gmail.com", "created_date": "2024-01-07T11:54:14.039Z"}}, {"model": "captcha.captchastore", "pk": 494, "fields": {"challenge": "9-2=", "response": "7", "hashkey": "eca1214ce7f111d22f37cac221389d1d98d4fe20", "expiration": "2024-01-12T11:02:47.569Z"}}, {"model": "portfolio.category", "pk": 1, "fields": {"name": "گالری فروردین 1403"}}, {"model": "portfolio.category", "pk": 2, "fields": {"name": "گالری اردیبهشت 1403"}}, {"model": "portfolio.category", "pk": 3, "fields": {"name": "گالری دی 1402"}}, {"model": "portfolio.category", "pk": 4, "fields": {"name": "گالری اسفند 1402"}}, {"model": "portfolio.category", "pk": 5, "fields": {"name": "گالری دی 1403"}}, {"model": "portfolio.category", "pk": 6, "fields": {"name": "گالری بهمن 1402"}}, {"model": "portfolio.category", "pk": 7, "fields": {"name": "گالری تیر 1403"}}, {"model": "portfolio.category", "pk": 8, "fields": {"name": "گالری خرداد 1402"}}, {"model": "portfolio.category", "pk": 9, "fields": {"name": "گالری مهر 1402"}}, {"model": "portfolio.tag", "pk": 1, "fields": {"name": "سماور"}}, {"model": "portfolio.tag", "pk": 2, "fields": {"name": "روسی"}}, {"model": "portfolio.tag", "pk": 3, "fields": {"name": "انگشتر"}}, {"model": "portfolio.tag", "pk": 4, "fields": {"name": "عقیق"}}, {"model": "portfolio.tag", "pk": 5, "fields": {"name": "برنزی"}}, {"model": "portfolio.tag", "pk": 6, "fields": {"name": "نقره"}}, {"model": "portfolio.tag", "pk": 7, "fields": {"name": "مس کوب"}}, {"model": "portfolio.tag", "pk": 8, "fields": {"name": "نقره کوب"}}, {"model": "portfolio.tag", "pk": 9, "fields": {"name": "طلا کوب"}}, {"model": "portfolio.tag", "pk": 10, "fields": {"name": "طلا"}}, {"model": "portfolio.tag", "pk": 11, "fields": {"name": "مس وار"}}, {"model": "portfolio.tag", "pk": 13, "fields": {"name": "انگشتر"}}, {"model": "portfolio.tag", "pk": 14, "fields": {"name": "داس و چکش"}}, {"model": "portfolio.tag", "pk": 15, "fields": {"name": "بلوری"}}, {"model": "portfolio.tag", "pk": 16, "fields": {"name": "سفالی"}}, {"model": "portfolio.tag", "pk": 17, "fields": {"name": "چرمی"}}, {"model": "portfolio.tag", "pk": 18, "fields": {"name": "چدن"}}, {"model": "portfolio.tag", "pk": 19, "fields": {"name": "فرانسوی"}}, {"model": "portfolio.tag", "pk": 20, "fields": {"name": "فیروزه"}}, {"model": "portfolio.tag", "pk": 21, "fields": {"name": "معدنی"}}, {"model": "portfolio.tag", "pk": 22, "fields": {"name": "چوبی"}}, {"model": "portfolio.tag", "pk": 23, "fields": {"name": "عتیقه"}}, {"model": "portfolio.tag", "pk": 24, "fields": {"name": "دیجیتالی"}}, {"model": "portfolio.tag", "pk": 25, "fields": {"name": "لامپی"}}, {"model": "portfolio.tag", "pk": 26, "fields": {"name": "فلزی"}}, {"model": "portfolio.tag", "pk": 27, "fields": {"name": "گلیم"}}, {"model": "portfolio.tag", "pk": 28, "fields": {"name": "فرش"}}, {"model": "portfolio.tag", "pk": 29, "fields": {"name": "فولادی"}}, {"model": "portfolio.product", "pk": 1, "fields": {"image_main": "portfolio/victoria-strukovskaya-XdPa9HTknDM-unsplash.jpg", "product_id": "A-1111", "title": "ظروف چینی", "sub_title": "ظروف چینی در تنوع زیاد", "product_age": 110, "dimensions": "10*20*20", "material": "سفالی", "weight": 25, "color": "آبی، زرد", "price": 400000.0, "info": "<p>&nbsp;متن تصادفی متن تصادفی متن تصادفی متن تصادفی متن تصادفی متن تصادفی متن تصادفی متن تصادفی متن تصادفی متن تصادفی متن تصادفی متن تصادفی متن تصادفی متن تصادفی متن تصادفی متن تصادفی متن تصادفی متن تصادفی متن تصادفی متن تصادفی متن تصادفی متن تصادفی متن تصادفی متن تصادفی متن تصادفی متن تصادفی متن تصادفی متن تصادفی متن تصادفی متن تصادفی متن تصادفی</p><p>&nbsp;متن تصادفی متن تصادفی متن تصادفی متن تصادفی متن تصادفی متن تصادفی متن تصادفی متن تصادفی متن تصادفی متن تصادفی متن تصادفی متن تصادفی متن تصادفی متن تصادفی متن تصادفی متن تصادفی متن تصادفی متن تصادفی متن تصادفی متن تصادفی متن تصادفی متن تصادفی متن تصادفی متن تصادفی</p><p>&nbsp;متن تصادفی متن تصادفی متن تصادفی متن تصادفی متن تصادفی متن تصادفی متن تصادفی متن تصادفی</p><p>&nbsp;متن تصادفی متن تصادفی متن تصادفی متن تصادفی متن تصادفی متن تصادفی متن تصادفی متن تصادفی متن تصادفی متن تصادفی متن تصادفی متن تصادفی متن تصادفی متن تصادفی متن تصادفی متن تصادفی</p>", "more_info": "<p>&nbsp;متن تصادفی متن تصادفی متن تصادفی متن تصادفی متن تصادفی متن تصادفی متن تصادفی متن تصادفی متن تصادفی متن تصادفی متن تصادفی متن تصادفی متن تصادفی متن تصادفی متن تصادفی متن تصادفی متن تصادفی متن تصادفی متن تصادفی متن تصادفی متن تصادفی متن تصادفی متن تصادفی متن تصادفی متن تصادفی متن تصادفی متن تصادفی متن تصادفی متن تصادفی متن تصادفی متن تصادفی</p><p>&nbsp;متن تصادفی متن تصادفی متن تصادفی متن تصادفی متن تصادفی متن تصادفی متن تصادفی متن تصادفی متن تصادفی متن تصادفی متن تصادفی متن تصادفی متن تصادفی متن تصادفی متن تصادفی متن تصادفی متن تصادفی متن تصادفی متن تصادفی متن تصادفی متن تصادفی متن تصادفی متن تصادفی متن تصادفی</p><p>&nbsp;متن تصادفی متن تصادفی متن تصادفی متن تصادفی متن تصادفی متن تصادفی متن تصادفی متن تصادفی</p><p>&nbsp;متن تصادفی متن تصادفی متن تصادفی متن تصادفی متن تصادفی متن تصادفی متن تصادفی متن تصادفی متن تصادفی متن تصادفی متن تصادفی متن تصادفی متن تصادفی متن تصادفی متن تصادفی متن تصادفی</p>", "counted_views": 25, "status": true, "login_require": false, "published_date": "2023-12-30T09:04:39Z", "created_date": "2023-12-30T09:04:40.936Z", "updated_date": "2024-01-05T19:49:00.712Z", "category": [1], "tag": [16]}}, {"model": "portfolio.product", "pk": 2, "fields": {"image_main": "portfolio/rod-flores-S_3uPi5IWIE-unsplash.jpg", "product_id": "B-1111", "title": "رادیو", "sub_title": "تنوع بالا در رنگ و نوع", "product_age": 80, "dimensions": "100*200*200", "material": "چوب", "weight": 1500, "color": "متنوع", "price": null, "info": "<p>&nbsp;متن تصادفی متن تصادفی متن تصادفی متن تصادفی متن تصادفی متن تصادفی متن تصادفی متن تصادفی متن تصادفی متن تصادفی متن تصادفی متن تصادفی متن تصادفی متن تصادفی متن تصادفی متن تصادفی متن تصادفی متن تصادفی متن تصادفی متن تصادفی متن تصادفی متن تصادفی متن تصادفی متن تصادفی متن تصادفی متن تصادفی متن تصادفی متن تصادفی متن تصادفی متن تصادفی متن تصادفی</p><p>&nbsp;متن تصادفی متن تصادفی متن تصادفی متن تصادفی متن تصادفی متن تصادفی متن تصادفی متن تصادفی متن تصادفی متن تصادفی متن تصادفی متن تصادفی متن تصادفی متن تصادفی متن تصادفی متن تصادفی متن تصادفی متن تصادفی متن تصادفی متن تصادفی متن تصادفی متن تصادفی متن تصادفی متن تصادفی</p><p>&nbsp;متن تصادفی متن تصادفی متن تصادفی متن تصادفی متن تصادفی متن تصادفی متن تصادفی متن تصادفی</p><p>&nbsp;متن تصادفی متن تصادفی متن تصادفی متن تصادفی متن تصادفی متن تصادفی متن تصادفی متن تصادفی متن تصادفی متن تصادفی متن تصادفی متن تصادفی متن تصادفی متن تصادفی متن تصادفی متن تصادفی</p>", "more_info": "<p>&nbsp;متن تصادفی متن تصادفی متن تصادفی متن تصادفی متن تصادفی متن تصادفی متن تصادفی متن تصادفی متن تصادفی متن تصادفی متن تصادفی متن تصادفی متن تصادفی متن تصادفی متن تصادفی متن تصادفی متن تصادفی متن تصادفی متن تصادفی متن تصادفی متن تصادفی متن تصادفی متن تصادفی متن تصادفی متن تصادفی متن تصادفی متن تصادفی متن تصادفی متن تصادفی متن تصادفی متن تصادفی</p><p>&nbsp;متن تصادفی متن تصادفی متن تصادفی متن تصادفی متن تصادفی متن تصادفی متن تصادفی متن تصادفی متن تصادفی متن تصادفی متن تصادفی متن تصادفی متن تصادفی متن تصادفی متن تصادفی متن تصادفی متن تصادفی متن تصادفی متن تصادفی متن تصادفی متن تصادفی متن تصادفی متن تصادفی متن تصادفی</p><p>&nbsp;متن تصادفی متن تصادفی متن تصادفی متن تصادفی متن تصادفی متن تصادفی متن تصادفی متن تصادفی</p><p>&nbsp;متن تصادفی متن تصادفی متن تصادفی متن تصادفی متن تصادفی متن تصادفی متن تصادفی متن تصادفی متن تصادفی متن تصادفی متن تصادفی متن تصادفی متن تصادفی متن تصادفی متن تصادفی متن تصادفی</p><p>&nbsp;متن تصادفی متن تصادفی متن تصادفی متن تصادفی متن تصادفی متن تصادفی متن تصادفی متن تصادفی متن تصادفی متن تصادفی متن تصادفی متن تصادفی متن تصادفی متن تصادفی متن تصادفی متن تصادفی متن تصادفی متن تصادفی متن تصادفی متن تصادفی متن تصادفی متن تصادفی متن تصادفی متن تصادفی متن تصادفی متن تصادفی متن تصادفی متن تصادفی متن تصادفی متن تصادفی متن تصادفی</p><p>&nbsp;متن تصادفی متن تصادفی متن تصادفی متن تصادفی متن تصادفی متن تصادفی متن تصادفی متن تصادفی متن تصادفی متن تصادفی متن تصادفی متن تصادفی متن تصادفی متن تصادفی متن تصادفی متن تصادفی متن تصادفی متن تصادفی متن تصادفی متن تصادفی متن تصادفی متن تصادفی متن تصادفی متن تصادفی</p><p>&nbsp;متن تصادفی متن تصادفی متن تصادفی متن تصادفی متن تصادفی متن تصادفی متن تصادفی متن تصادفی</p><p>&nbsp;متن تصادفی متن تصادفی متن تصادفی متن تصادفی متن تصادفی متن تصادفی متن تصادفی متن تصادفی متن تصادفی متن تصادفی متن تصادفی متن تصادفی متن تصادفی متن تصادفی متن تصادفی متن تصادفی</p>", "counted_views": 35, "status": true, "login_require": false, "published_date": "2023-12-30T09:08:22Z", "created_date": "2023-12-30T09:08:23.165Z", "updated_date": "2024-01-10T08:13:53.182Z", "category": [1], "tag": [2, 14]}}, {"model": "portfolio.product", "pk": 3, "fields": {"image_main": "portfolio/antique-cash-register.webp", "product_id": "C-1111", "title": "ماشین سرو خودکار", "sub_title": "تنوع بالا در رنگ و نوع", "product_age": 100, "dimensions": "100*200*250", "material": "برنزی", "weight": 7000, "color": "برنجی", "price": 10000000.0, "info": "<p>&nbsp;متن تصادفی متن تصادفی متن تصادفی متن تصادفی متن تصادفی متن تصادفی متن تصادفی متن تصادفی متن تصادفی متن تصادفی متن تصادفی متن تصادفی متن تصادفی متن تصادفی متن تصادفی متن تصادفی متن تصادفی متن تصادفی متن تصادفی متن تصادفی متن تصادفی متن تصادفی متن تصادفی متن تصادفی متن تصادفی متن تصادفی متن تصادفی متن تصادفی متن تصادفی متن تصادفی متن تصادفی</p><p>&nbsp;متن تصادفی متن تصادفی متن تصادفی متن تصادفی متن تصادفی متن تصادفی متن تصادفی متن تصادفی متن تصادفی متن تصادفی متن تصادفی متن تصادفی متن تصادفی متن تصادفی متن تصادفی متن تصادفی متن تصادفی متن تصادفی متن تصادفی متن تصادفی متن تصادفی متن تصادفی متن تصادفی متن تصادفی</p><p>&nbsp;متن تصادفی متن تصادفی متن تصادفی متن تصادفی متن تصادفی متن تصادفی متن تصادفی متن تصادفی</p><p>&nbsp;متن تصادفی متن تصادفی متن تصادفی متن تصادفی متن تصادفی متن تصادفی متن تصادفی متن تصادفی متن تصادفی متن تصادفی متن تصادفی متن تصادفی متن تصادفی متن تصادفی متن تصادفی متن تصادفی</p>", "more_info": "<p>&nbsp;متن تصادفی متن تصادفی متن تصادفی متن تصادفی متن تصادفی متن تصادفی متن تصادفی متن تصادفی متن تصادفی متن تصادفی متن تصادفی متن تصادفی متن تصادفی متن تصادفی متن تصادفی متن تصادفی متن تصادفی متن تصادفی متن تصادفی متن تصادفی متن تصادفی متن تصادفی متن تصادفی متن تصادفی متن تصادفی متن تصادفی متن تصادفی متن تصادفی متن تصادفی متن تصادفی متن تصادفی</p><p>&nbsp;متن تصادفی متن تصادفی متن تصادفی متن تصادفی متن تصادفی متن تصادفی متن تصادفی متن تصادفی متن تصادفی متن تصادفی متن تصادفی متن تصادفی متن تصادفی متن تصادفی متن تصادفی متن تصادفی متن تصادفی متن تصادفی متن تصادفی متن تصادفی متن تصادفی متن تصادفی متن تصادف</p>", "counted_views": 11, "status": true, "login_require": false, "published_date": "2023-12-30T09:14:43Z", "created_date": "2023-12-30T09:14:44.975Z", "updated_date": "2024-01-05T19:43:09.654Z", "category": [7], "tag": [5, 6, 11, 19]}}, {"model": "portfolio.product", "pk": 4, "fields": {"image_main": "portfolio/patrick-hendry-6CfpUEmNWAU-unsplash.jpg", "product_id": "D-1111", "title": "زره", "sub_title": "تنوع بالا در رنگ و نوع", "product_age": 200, "dimensions": "", "material": "فولاد", "weight": 4000, "color": "تیره، نقره ای", "price": 20000000.0, "info": "<p>&nbsp;متن تصادفی متن تصادفی متن تصادفی متن تصادفی متن تصادفی متن تصادفی متن تصادفی متن تصادفی متن تصادفی متن تصادفی متن تصادفی متن تصادفی متن تصادفی متن تصادفی متن تصادفی متن تصادفی متن تصادفی متن تصادفی متن تصادفی متن تصادفی متن تصادفی متن تصادفی متن تصادفی متن تصادفی متن تصادفی متن تصادفی متن تصادفی متن تصادفی متن تصادفی متن تصادفی متن تصادفی</p><p>&nbsp;متن تصادفی متن تصادفی متن تصادفی متن تصادفی متن تصادفی متن تصادفی متن تصادفی متن تصادفی متن تصادفی متن تصادفی متن تصادفی متن تصادفی متن تصادفی متن تصادفی متن تصادفی متن تصادفی متن تصادفی متن تصادفی متن تصادفی متن تصادفی متن تصادفی متن تصادفی متن تصادفی متن تصادفی</p><p>&nbsp;متن تصادفی متن تصادفی متن تصادفی متن تصادفی متن تصادفی متن تصادفی متن تصادفی متن تصادفی</p><p>&nbsp;متن تصادفی متن تصادفی متن تصادفی متن تصادفی متن تصادفی متن تصادفی متن تصادفی متن تصادفی متن تصادفی متن تصادفی متن تصادفی متن تصادفی متن تصادفی متن تصادفی متن تصادفی متن تصادفی</p>", "more_info": "<p>&nbsp;متن تصادفی متن تصادفی متن تصادفی متن تصادفی متن تصادفی متن تصادفی متن تصادفی متن تصادفی متن تصادفی متن تصادفی متن تصادفی متن تصادفی متن تصادفی متن تصادفی متن تصادفی متن تصادفی متن تصادفی متن تصادفی متن تصادفی متن تصادفی متن تصادففی متن تصادفی متن تصادفی متن تصادفی متن تصادفی متن تصادفی متن تصادفی متن تصادفی متن تصادفی</p><p>&nbsp;متن تصادفی متن تصادفی متن تصادفی متن تصادفی متن تصادفی متن تصادفی متن تصادفی متن تصادفی</p><p>&nbsp;متن تصادفی متن تصادفی متن تصادفی متن تصادفی متن تصادفی متن تصادفی متن تصادفی متن تصادفی متن تصادفی متن تصادفی متن تصادفی متن تصادفی متن تصادفی متن تصادفی متن تصادفی متن تصادفی</p>", "counted_views": 2, "status": true, "login_require": false, "published_date": "2023-12-30T09:17:51Z", "created_date": "2023-12-30T09:17:59.030Z", "updated_date": "2023-12-31T14:44:57.041Z", "category": [7], "tag": [5, 7, 8, 9]}}, {"model": "portfolio.product", "pk": 5, "fields": {"image_main": "portfolio/sandie-clarke-5-jtenVwiT0-unsplash.jpg", "product_id": "E-1111", "title": "دوربین", "sub_title": "تنوع بالا در رنگ و نوع", "product_age": 70, "dimensions": "1000*200*200", "material": "چوب، فلز", "weight": 3000, "color": "برنزی", "price": null, "info": "<p>&nbsp;متن تصادفی متن تصادفی متن تصادفی متن تصادفی متن تصادفی متن تصادفی متن تصادفی متن تصادفی متن تصادفی متن تصادفی متن تصادفی متن تصادفی متن تصادفی متن تصادفی متن تصادفی متن تصادفی متن تصادفی متن تصادفی متن تصادفی متن تصادفی متن تصادفی متن تصادفی متن تصادفی متن تصادفی متن تصادفی متن تصادفی متن تصادفی متن تصادفی متن تصادفی متن تصادفی متن تصادفی</p><p>&nbsp;متن تصادفی متن تصادفی متن تصادفی متن تصادفی متن تصادفی متن تصادفی متن تصادفی متن تصادفی متن تصادفی متن تصادفی متن تصادفی متن تصادفی متن تصادفی متن تصادفی متن تصادفی متن تصادفی متن تصادفی متن تصادفی متن تصادفی متن تصادفی متن تصادفی متن تصادفی متن تصادفی متن تصادفی</p><p>&nbsp;متن تصادفی متن تصادفی متن تصادفی متن تصادفی متن تصادفی متن تصادفی متن تصادفی متن تصادفی</p><p>&nbsp;متن تصادفی متن تصادفی متن تصادفی متن تصادفی متن تصادفی متن تصادفی متن تصادفی متن تصادفی متن تصادفی متن تصادفی متن تصادفی متن تصادفی متن تصادفی متن تصادفی متن تصادفی متن تصادفی</p>", "more_info": "<p>&nbsp;متن تصادفی متن تصادفی متن تصادفی متن تصادفی متن تصادفی متن تصادفی متن تصادفی متن تصادفی متن تمتن تصادفی متن تصادفی متن تصادفی متن تصادفی متن تصادفی متن تصادفی</p><p>&nbsp;متن تصادفی متن تصادفی متن تصادفی متن تصادفی متن تصادفی متن تصادفی متن تصادفی متن تصادفی</p><p>&nbsp;متن تصادفی متن تصادفی متن تصادفی متن تصادفی متن تصادفی متن تصادفی متن تصادفی متن تصادفی متن تصادفی متن تصادفی متن تصادفی متن تصادفی متن تصادفی متن تصادفی متن تصادفی متن تصادفی</p>", "counted_views": 49, "status": true, "login_require": false, "published_date": "2023-12-30T09:20:33Z", "created_date": "2023-12-30T09:20:33.815Z", "updated_date": "2024-01-04T09:36:45.585Z", "category": [2], "tag": [22, 23, 24, 25]}}, {"model": "portfolio.product", "pk": 6, "fields": {"image_main": "portfolio/natalia-y-Oxl_KBNqxGA-unsplash.jpg", "product_id": "F-1111", "title": "سنگ چاپ", "sub_title": "تنوع بالا در رنگ و نوع", "product_age": 200, "dimensions": "10*30*5", "material": "فلز", "weight": 20, "color": "مشکی", "price": null, "info": "<p>&nbsp;متن تصادفی متن تصادفی متن تصادفی متن تصادفی متن تصادفی متن تصادفی متن تصادفی متن تصادفی متن تصادفی متن تصادفی متن تصادفی متن تصادفی متن تصادفی متن تصادفی متن تصادفی متن تصادفی متن تصادفی متن تصادفی متن تصادفی متن تصادفی متن تصادفی متن تصادفی متن تصادفی متن تصادفی متن تصادفی متن تصادفی متن تصادفی متن تادفی متن تصادفی متن تصادفی متن تصادفی متن تصادفی متن تصادفی متن تصادفی</p><p>&nbsp;متن تصادفی متن تصادفی متن تصادفی متن تصادفی متن تصادفی متن تصادفی متن تصادفی متن تصادفی متن تصادفی متن تصادفی متن تصادفی متن تصادفی متن تصادفی متن تصادفی متن تصادفی متن تصادفی</p>", "more_info": "<p>&nbsp;متن تصادفی متن تصادفی متن تصادفی متن تصادفی متن تصادفی متن تصادفی متن تصادفی متن تصادفی متن تصادفی متن تصادفی متن تصادفی متن تصادفی متن تصادفی متن تصادفی متن تصادفی متن تصادفی متن تصادفی متن تصادفی متن تصادفی متن تصادفی متن تصادفی متن تصادفی متن تصادفی متن تصادفی متن تصادفی متن تصادفی متن تصادفی متن تصادفی متن تصادفی متن تصادفی متن تصادفی</p><p>&nbsp;متن تصادفی متن تصادفی متن تصادفی متن تصادفی متن تصادفی متن تصادفی متن تصادفی متن تصادفی متن تصادفی متن تصادفی متن تصادفی متن تصادفی متن تصادفی متن تصادفی متن تصادفی متن تصادفی متن تصادفی متن تصادفی متن تصادفی متن تصادفی متن تصادفی متن تصادفی متن تصادفی متن تصادفی</p><p>&nbsp;متن تصادفی متن تصادفی متن تصادفی متن تصادفی متن تصادفی متن تصادفی متن تصادفی متن تصادفی</p><p>&nbsp;متن تصادفی متن تصادفی متن تصادفی متن تصادفی متن تصادفی متن تصادتن تصادفی متن تصادفی متن تصادفی متن تصادفی متن تصادفی متن تصادفی</p>", "counted_views": 2, "status": true, "login_require": false, "published_date": "2023-12-30T09:23:13Z", "created_date": "2023-12-30T09:23:19.466Z", "updated_date": "2024-01-04T09:58:23.483Z", "category": [3], "tag": [19, 23, 26]}}, {"model": "portfolio.product", "pk": 7, "fields": {"image_main": "portfolio/daniele-levis-pelusi-EHfiW-cV0ls-unsplash.jpg", "product_id": "G-1111", "title": "کتاب قدیمی", "sub_title": "کتاب های قدیمی با قدمت زیاد", "product_age": 200, "dimensions": "10*20*20", "material": "چرم", "weight": 100, "color": "", "price": null, "info": "<p>&nbsp;متن تصادفی متن تصادفی متن تصادفی متن تصادفی متن تصادفی متن تصادفی متن تصادفی متن تصادفی متن تصادفی متن تصادفی متن تصادفی متن تصادفی متن تصادفی متن تصادفی متن تصادفی متن تصادفی متن تصادفی متن تصادفی متن تصادفی متن تصادفی متن تصادفی متن تصادفی متن تصادفی متن تصادفی متن تصادفی متن تصادفی متن تصادفی متن تصادفی متن تصادفی متن تصادفی متن تصادفی</p><p>&nbsp;متن تصادفی متن تصادفی متن تصادفی متن تصادفی متن تصادفی متن تصادفی متن تصادفی متن تصادفی متن تصادفی متن تصادفی متن تصادفی متن تصادفی متن تصادفی متن تصادفی متن تصادفی متن تصادفی متن تصادفی متن تصادفی متن تصادفی متن تصادفی متن تصادفی مت</p>", "more_info": "<p>&nbsp;متن تصادفی متن تصادفی متن تصادفی متن تصادفی متن تصادفی متن تصادفی متن تصادفی متن تصادفی&nbsp; متن تصادفی متن تصادفی متن تصادفی متن تصادفی متن تصادفی متن تصادفی متن تصادفی متن تصادفی</p><p>&nbsp;متن تصادفی متن تصادفی متن تصادفی متن تصادفی متن تصادفی متن تصادفی متن تصادفی متن تصادفی</p><p>&nbsp;متن تصادفی متن تصادفی متن تصادفی متن تصادفی متن تصادفی متن تصادفی متن تصادفی متن تصادفی متن تصادفی متن تصادفی متن تصادفی متن تصادفی متن تصادفی متن تصادفی متن تصادفی متن تصادفی</p>", "counted_views": 2, "status": true, "login_require": false, "published_date": "2023-12-30T11:35:07Z", "created_date": "2023-12-30T11:35:11.051Z", "updated_date": "2023-12-30T20:35:41.983Z", "category": [6], "tag": [8, 9, 17, 23]}}, {"model": "portfolio.product", "pk": 8, "fields": {"image_main": "portfolio/alessia-cocconi-u1e5Wf9ZQ3c-unsplash.jpg", "product_id": "H-1111", "title": "لوستر", "sub_title": "در تنوع بالا و سنگین", "product_age": 70, "dimensions": "500*500*1000", "material": "برنزی", "weight": 10000, "color": "تیره، نقره ای، برنزی", "price": 20000.0, "info": "<p>&nbsp;متن تصادفی متن تصادفی متن تصادفی متن تصادفی متن تصادفی متن تصادفی متن تصادفی متن تصادفی متن تصادفی متنصادفی متن تصادفی متن تصادفی متن تصادفی متن تصادفی متن تصادفی</p><p>&nbsp;متن تصادفی متن تصادفی متن تصادفی متن تصادفی متن تصادفی متن تصادفی متن تصادفی متن تصادفی متن تصادفی متن تصادفی متن تصادفی متن تصادفی متن تصادفی متن تصادفی متن تصادفی متن تصادفی</p>", "more_info": "<p>&nbsp;متن تصادفی متن تصادفی متن تصادفی متن تصادفی متن تصادفی متن تصادفی متن تصادفی متن تصادفی متن تصادفی متن تصادفی متن تصادفی متن تصادفی متن تصادفی متن تصادفی متن تصادفی متن تصادفی متن تصادفی متن تصادفی متن تصادفی متن تصادفی متن تصادفی متن تصادفی متن تصادفی متن تصادفی متن تصادفی متن تصادفی متن تصادفی متن تصادفی متن تصادفی&nbsp;</p><p>&nbsp;متن تصادفی متن تصادفی متن تصادفی متن تصادفی متن تصادفی متن تصادفی متن تصادفی متن تصادفی</p><p>&nbsp;متن تصادفی متن تصادفی متن تصادفی متن تصادفی متن تصادفی متن تصادفی متن تصادفی متن تصادفی متن تصادفی متن تصادفی متن تصادفی متن تصادفی متن تصادفی متن تصادفی متن تصادفی متن تصادفی</p>", "counted_views": 2, "status": true, "login_require": false, "published_date": "2023-12-30T11:38:23Z", "created_date": "2023-12-30T11:38:25.579Z", "updated_date": "2024-01-01T20:38:22.752Z", "category": [8], "tag": [5, 19, 26]}}, {"model": "portfolio.product", "pk": 9, "fields": {"image_main": "portfolio/sesha-reddy-kovvuri-Go5qDQJQSU4-unsplash.jpg", "product_id": "I-1111", "title": "قطب نما", "sub_title": "بسیار آنتیک و کم یاب", "product_age": 80, "dimensions": "15*15*3", "material": "", "weight": 80, "color": "متنوع", "price": 4500000.0, "info": "<p>&nbsp;متن تصادفی متن تصادفی متن تصادفی متن تصادفی متن تصادفی متن تصادفی متن تصادفی متن تصادفی متن تصادفی متن تصادفی متن تصادفی متن تصادفی متن تصادفی متن تصادفی متن تصادفی متن تصادفی متن تصادفی متن تصادفی متن تصادفی متن تصادفی متن تصادفی متن تصادفی متن تصادفی متن تصادفی متن تصادفی متن تصادفی متن تصادفی متن تصادفی متن تصادفی متن تصادفی متن تصادفی</p><p>&nbsp;متن تصادفی متن تصادفی متن تصادفی متن تصادفی متن تصادفی متن تصادفی متن تصادفی متن تصادفی متن تصادفی متن تصادفی متن تصادفی متن تصادفی متن تصادفی متن تصادفی متن تصادفی متن تصادفی متن تصادفی متن تصادفی متن تصادفی متن تصادفی متن تصادفی متن تصادفی متن تصادفی متن تصادفی</p>", "more_info": "<p>&nbsp;متن تصادفی متن تصادفی متن تصادفی متن تصادفی متن تصادفی متن تصادفی متن تصادفی متن تصادفی متن تصادفی متن تصادفی متن تصادفی متن تصادفی متن تصادفی متن تصادفی متن تصادفی متن تصادفی</p><p>&nbsp;متن تصادفی متن تصادفی متن تصادفی متن تصادفی متن تصادفی متن تصادفی متن تصادفی متن تصادفی متن تصادفی متن تصادفی متن تصادفی متن تصادفی متن تصادفی متن تصادفی متن تصادفی متن تصادفی متن تصادفی متن تصادفی متن تصادفی متن تصادفی متن تصادفی متن تصادفی متن تصادفی متن تصادفی</p><p>&nbsp;متن تصادفی متن تصادفی متن تصادفی متن تصادفی متن تصادفی متن تصادفی متن تصادفی متن تصادفی</p><p>&nbsp;متن تصادفی متن تصادفی متن تصادفی متن تصادفی متن تصادفی متن تصادفی متن تصادفی متن تصادفی متن تصادفی متن تصادفی متن تصادفی متن تصادفی متن تصادفی متن تصادفی متن تصادفی متن تصادفی</p>", "counted_views": 1, "status": true, "login_require": false, "published_date": "2023-12-30T11:42:07Z", "created_date": "2023-12-30T11:42:10.138Z", "updated_date": "2023-12-30T20:28:22.604Z", "category": [9], "tag": [2, 5, 6, 10, 24]}}, {"model": "portfolio.product", "pk": 10, "fields": {"image_main": "portfolio/ivan-diaz-rZpIP5tUdvU-unsplash.jpg", "product_id": "J-1111", "title": "ساعت جیبی", "sub_title": "تنوع بالا در رنگ و نوع", "product_age": 60, "dimensions": "10*20*20", "material": "برنزی، نقره، طلا", "weight": 30, "color": "زرد، نقره ای، برنزی", "price": 4000000.0, "info": "<p>&nbsp;متن تصادفی متن تصادفی متن تصادفی متن تصادفی متن تصادفی متن تصادفی متن تصادفی متن تصادفی متن تصادفی متن تصادفی متن تصادفی متن تصادفی متن تصادفی متن تصادفی متن تصادفی متن تصادفی متن تصادفی متن تصادفی متن تصادفی متن تصادفی متن تصادفی متن تصادفی متن تصادفی متن تصادفی متن تصادفی متن تصادفی متن تصادفی متن تصادفی متن تصادفی متن تصادفی متن تصادفی</p><p>&nbsp;متن تصادفی متن تصادفی متن تصادفی متن تصادفی متن تصادفی متن تصادفی متن تصادفی متن تصادفی متن تصادفیادفی متن تصادفی متن تصادفی متن تصادفی متن تصادفی</p>", "more_info": "<p>&nbsp;متن تصادفی متن تصادفی متن تصادفی متن تصادفی متن تصادفی متن تصادفی متن تصادفی متن تصادفی متن تصادفی متن تصادفی متن تصادفی متن تصادفی متن تصادفی متن تصادفی متن تصادفی متن تصادفی متن تصادفی متن تصادفی متن تصادفی متن تصادفی متن تصادفی متن تصادفی متن تصادفی متن تصادفی متن تصادفی متن تصادفی متن تصادفی متن تصادفی متن تصادفی متن تصادفی متن تصادفی</p><p>&nbsp;متن تصادفی متن تصادفی متن تصادفی متن تصادفی متن تصادفی متن تصادفی متن تصادفی متن تصادفی متن تصادفی متن تصادفی متن تصادفی متن تصادفی متن تصادفی متن تصادفی متن تصادفی متن تصادفی متن تصادفی متن تصادفی متن تصادفی متن تصادفی متن تصادفی متن تصادفی متن تصادفی متن تصادفی</p><p>فی متن تصادفی متن تصادفی متن تصادفی متن تصادفی<br></p>", "counted_views": 49, "status": true, "login_require": false, "published_date": "2023-12-30T11:46:05Z", "created_date": "2023-12-30T11:46:08.093Z", "updated_date": "2023-12-31T18:19:01.544Z", "category": [9], "tag": [5, 6, 24, 26]}}, {"model": "portfolio.product", "pk": 11, "fields": {"image_main": "portfolio/arash-AYAZnkZWkb4-unsplash.jpg", "product_id": "K-1111", "title": "ساعت رومیزی", "sub_title": "تنوع بالا در رنگ و نوع", "product_age": 40, "dimensions": "10*20*20", "material": "فلز", "weight": 100, "color": "متنوع", "price": 3000000.0, "info": "<p>&nbsp;متن تصادفی متن تصادفی متن تصادفی متن تصادفی متن تصادفی متن تصادفی متن تصادفی متن تصادفی متن تصادفی متن تصادفی متن تصادفی متن تصادفی متن تصادفی متن تصادفی متن تصادفی متن تصادفی متن تصادفی متن تصادفی متن تصادفی متن تصادفی متن تصادفی متن تصادفی متن تصادفی متن تصادفی متن تصادفی متن تصادفی متن تصادفی متن&nbsp;</p><p>&nbsp;متن تصادفی متن تصادفی متن تصادفی متن تصادفی متن تصادفی متن تصادفی متن تصادفی متن تصادفی</p><p>&nbsp;متن تصادفی متن تصادفی متن تصادفی متن تصادفی متن تصادفی متن تصادفی متن تصادفی متن تصادفی متن تصادفی متن تصادفی متن تصادفی متن تصادفی متن تصادفی متن تصادفی متن تصادفی متن تصادفی</p>", "more_info": "<p>&nbsp;متن تصادفی متن تصادفی متن تصادفی متن تصادفی متن تصادفی متن تصادفی متن تصادفی متن تصادفی متن تصادفی ادفی متن تصادفی متن تصادفی متن تصادفی متن تصادفی متن تصادفی</p><p>&nbsp;متن تصادفی متن تصادفی متن تصادفی متن تصادفی متن تصادفی متن تصادفی متن تصادفی متن تصادفی متن تصادفی متن تصادفی متن تصادفی متن تصادفی متن تصادفی متن تصادفی متن تصادفی متن تصادفی متن تصادفی متن تصادفی متن تصادفی متن تصادفی متن تصادفی متن تصادفی متن تصادفی متن تصادفی</p><p>&nbsp;متن تصادفی متن تصادفی متن تصادفی متن تصادفی متن تصادفی متن تصادفی متن تصادفی متن تصادفی</p><p>&nbsp;متن تصادفی متن تصادفی متن تصادفی متن تصادفی متن تصادفی متن تصادفی متن تصادفی متن تصادفی متن تصادفی متن تصادفی متن تصادفی متن تصادفی متن تصادفی متن تصادفی متن تصادفی متن تصادفی</p>", "counted_views": 1, "status": true, "login_require": false, "published_date": "2023-12-30T11:47:54Z", "created_date": "2023-12-30T11:47:55.560Z", "updated_date": "2023-12-30T20:28:23.738Z", "category": [8], "tag": [2, 7, 21, 24, 26]}}, {"model": "portfolio.product", "pk": 12, "fields": {"image_main": "portfolio/mick-haupt-vGXHIh3URzc-unsplash.jpg", "product_id": "L-1111", "title": "نوار گرام", "sub_title": "تنوع بالا در هر سلیقه ای", "product_age": 60, "dimensions": "30*30", "material": "", "weight": 10, "color": "", "price": 700000.0, "info": "<p>&nbsp;متن تصادفی متن تصادفی متن تصادفی متن تصادفی متن تصادفی متن تصادفی متن تصادفی متن تصادفی متن تصادفی متن تصادفی متن تصادفی متن تصادفی متن تصادفی متن تصادفی متن تصادفی متن تصادفی متن تصادفی متن تصادفی متن تصادفی متن تصادفی متن تصادفی متن تصادفی متن تصادفی متن تصادفی متن تصادفی متن تصادفی متن تصادفی متن تصادفی متن تصادفی متن تصادفی متن تصادفی</p><p>&nbsp;متن تصادفی متن تصادفی متن تصادفی متن تصادفی متن تصادفی متن تصادفی متن تصادفی متن تصادفی متن تصادفی متن تصادفی متن تصادفی متن تصادفی متن تصادفی متن تصادفی متن تصادفی متن تصادفی متن تصادفی متن تصادفی متن تصادفی متن تصادفی متن تصادفی متن تصادفی متن تصادفی متن تصادفی</p><p>&nbsp;متن تصادفی متن تصادفی متن تصادفی متن تصادفی متن تصادفی متن تصادفی متن تصادفی متن تصادفی</p><p>&nbsp;متن تصادفی متن تصادفی متن تصادفی متن تصادفی متن تصادفی متن تصادفی متن تصادفی متن تصادفی متن تصادفی متن تصادفی متن تصادفی متن تصادفی متن تصادفی متن تصادفی متن تصادفی متن تصادفی</p>", "more_info": "", "counted_views": 3, "status": true, "login_require": false, "published_date": "2023-12-30T11:49:41Z", "created_date": "2023-12-30T11:49:42.251Z", "updated_date": "2024-01-03T15:06:41.429Z", "category": [1], "tag": [23, 24]}}, {"model": "portfolio.product", "pk": 13, "fields": {"image_main": "portfolio/victrola-record-players-7C_5Eg6Ki70-unsplash.jpg", "product_id": "M-1111", "title": "گرام", "sub_title": "در تنوع بالا و لامپی و غیره", "product_age": 70, "dimensions": "50*30*20", "material": "چوبی، فلزی، پلاستیک", "weight": 4000, "color": "قهوه ای", "price": 13000000.0, "info": "<p>&nbsp;متن تصادفی متن تصادفی متن تصادفی متن تصادفی متن تصادفی متن تصادفی متن تصادفی متن تصادفی متن تصادفی متن تصادفی متن تصادفی متن تصادفی متن تصادفی متن تصادفی متن تصادفی متن تصادفی متن تصادفی متن تصادفی متن تصادفی متن تصادفی متن تصادفی متن تصادفی متن تصادفی متن تصادفی متن تصادفی متن تصادفی متن تصادفی متن تصادفی متن تصادفی متن تصادفی متن تصادفی</p><p>&nbsp;متن تصادفی متن تصادفی متن تصادفی متن تصادفی متن تصادفی متن تصادفی متن تصادفی</p><p>&nbsp;متن تصادفی متن تصادفی متن تصادفی متن تصادفی متن تصادفی متن تصادفی متن تصادفی متن تصادفی</p><p>&nbsp;متن تصادفی متن تصادفی متن تصادفی متن تصادفی متن تصادفی متن تصادفی متن تصادفی متن تصادفی متن تصادفی متن تصادفی متن تصادفی متن تصادفی متن تصادفی متن تصادفی متن تصادفی متن تصادفی</p>", "more_info": "<p>&nbsp;متن تصادفی متن تصادفی متن تصادفی متن تصادفی متن تصادفی متن تصادفی متن تصادفی متن تصادفی متن تصادفی متن تصادفی متن تصادفی متن تصادفی متن تصادفی متن تصادفی متن تصادفی متن تصادفی متن تصادفی متن تصادفی متن تصادفی متن تصادفی متن تصادفی متن تصادفی متن تصادفی متن تصادفی متن تصادفی متن تصادفی متن تصادفی متن تصادفی متن تصادفی متن تصادفی متن تصادفی</p><p>&nbsp;متن تصادفی متن تصادفی متن تصادفی متن تصادفی متن تصادفی متن تصادفی متن تصادفی متن تصادفی متن تادفی متن تصادفی متن تصادفی متن تصادفی متن تصادفی</p>", "counted_views": 2, "status": true, "login_require": false, "published_date": "2023-12-30T11:52:17Z", "created_date": "2023-12-30T11:52:19.745Z", "updated_date": "2024-01-03T17:45:59.052Z", "category": [2], "tag": [2, 17, 22, 24, 25]}}, {"model": "portfolio.product", "pk": 14, "fields": {"image_main": "portfolio/juli-kosolapova-l9nsJ2zMppw-unsplash.jpg", "product_id": "N-1111", "title": "گلیم", "sub_title": "تنوع بالا در رنگ و نوع", "product_age": 30, "dimensions": "2000*3000", "material": "نخ، ابریشم", "weight": 1200, "color": "متنوع", "price": 2300000.0, "info": "<p>&nbsp;متن تصادفی متن تصادفی متن تصادفی متن تصادفی متن تصادفی متن تصادفی متن تصادفی مصادفی متن تصادفی متن تصادفی متن تصادفی متن تصادفی متن تصادفی متن تصادفی</p><p>&nbsp;متن تصادفی متن تصادفی متن تصادفی متن تصادفی متن تصادفی متن تصادفی متن تصادفی متن تصادفی</p><p>&nbsp;متن تصادفی متن تصادفی متن تصادفی متن تصادفی متن تصادفی متن تصادفی متن تصادفی متن تصادفی متن تصادفی متن تصادفی متن تصادفی متن تصادفی متن تصادفی متن تصادفی متن تصادفی متن تصادفی</p>", "more_info": "<p>&nbsp;متن تصادفی متن تصادفی متن تصادفی متن تصادفی متن تصادفی متن تصادفی متن تصادفی متن تصادفصادفی متن تصادفی متن تصادفی متن تصادفی متن تصادفی متن تصادفی</p><p>&nbsp;متن تصادفی متن تصادفی متن تصادفی متن تصادفی متن تصادفی متن تصادفی متن تصادفی متن تصادفی متن تصادفی متن تصادفی متن تصادفی متن تصادفی متن تصادفی متن تصادفی متن تصادفی متن تصادفی</p>", "counted_views": 1, "status": true, "login_require": false, "published_date": "2023-12-30T11:55:17Z", "created_date": "2023-12-30T11:55:19.374Z", "updated_date": "2023-12-30T20:28:33.566Z", "category": [3], "tag": [23, 27, 28]}}, {"model": "portfolio.product", "pk": 15, "fields": {"image_main": "portfolio/greg-boll-dqsqca3k8vs-unsplash.jpg", "product_id": "O-1111", "title": "دوأچرخه", "sub_title": "تنوع بالا در رنگ و نوع", "product_age": 50, "dimensions": "28", "material": "فلز", "weight": null, "color": "قرمز، مشکی", "price": null, "info": "<p>&nbsp;متن تصادفی متن تصادفی متن تصادفی متن تصادفی متن تصادفی متن تصادفی متن تصادفی متن تصادفی متن تصادفی متن تصادفی متن تصادفی متن تصادفی متن تصادفی متن تصادفی متن تصادفی متن تصادفی متن تصادفی متن تصادفی متن تصادفی متن تصادفی متن تصادفی متن تصادفی متن تصادفی متن تصادفی متن تصادفی متن تصادفی متن تصادفی متن تصادفی متن تصادفی متن تصادفی متن تصادفی</p><p>&nbsp;متن تصادفی متن تصادفی متن تصادفی متن تصادفی متن تصادفی متن تصادفی متن تصادفی متن تصادفی متن تصادفی متن تصادفی متن تصادفی متن تصادفی متن تصادفی متن تصادفی متن تصادفی متن تصادفی متن تصادفی متن تصادفی متن تصادفی متن تصادفی متن تصادفی متن تصادفی متن تصادفی متن تصادفی</p><p>&nbsp;متن تصادفی متن تصادفی متن تصادفی متن تصادفی متن تصادفی متن تصادفی متن تصادصادفی متن تصادفی متن تصادفی متن تصادفی متن تصادفی متن تصادفی متن تصادفی متن تصادفی متن تصادفی</p>", "more_info": "<p>&nbsp;متن تصادفی متن تصادفی متن تصادفی متن تصادفی متن تصادفی متن تصادفی متن تصادفی متن تصادفی متن تصادفی متن تصادفی متن تصادفی متن تصادفی متن تصادفی متن تصادفی متن تصادفی متن تصادفی متن تصادفی متن تصادفی ادفی متن تصادفی متن تصادفی متن تصادفی متن تصادفی متن تصادفی متن تصادفی متن تصادفی متن تصادفی متن تصادفی متن تصادفی متن تصادفی متن تصادفی متن تصادفی متن تصادفی متن تصادفی متن تصادفی متن تصادفی متن تصادفی متن تصادفی</p><p>&nbsp;متن تصادفی متن تصادفی متن تصادفی متن تصادفی متن تصادفی متن تصادفی متن تصادفی متن تصادفی</p><p>&nbsp;متن تصادفی متن تصادفی متن تصادفی متن تصادفی متن تصادفی متن تصادفی متن تصادفی متن تصادفی متن تصادفی متن تصادفی متن تصادفی متن تصادفی متن تصادفی متن تصادفی متن تصادفی متن تصادفی</p>", "counted_views": 1, "status": true, "login_require": false, "published_date": "2023-12-30T12:22:39Z", "created_date": "2023-12-30T12:22:40.535Z", "updated_date": "2023-12-30T20:28:29.944Z", "category": [4], "tag": [26]}}, {"model": "portfolio.product", "pk": 16, "fields": {"image_main": "portfolio/egor-myznik-ZD9nGsWI1to-unsplash.jpg", "product_id": "P-1111", "title": "در کوب", "sub_title": "تنوع بالا در رنگ و نوع", "product_age": 40, "dimensions": "40*10", "material": "فولاد", "weight": 3000, "color": "زرد، مشکی، نقره ای", "price": 2500000.0, "info": "<p>&nbsp;متن تصادفی متن تصادفی متن تصادفی متن تصادفی متن تصادفی متن تصادفی متن تصادفی متن تصادفی متن تصادفی متن تصادفی متن تصادفی متن تصادفی متن تصادفی متن تصادفی متن تصادفی متن تصادفی متن تصادفی متن تصادفی متن تصادفی متن تصادفی متن تصادفی متن تصادفی متن تصادفی متن تصادفی متن تصادفی متن تصادفی متن تصادفی متن تصادفی متن تصادفی متن تصادفی متن تصادفی</p><p>&nbsp;متن تصادفی متن تصادفی متن تصادفی متن تصادفی متن تصادفی متن تصادفی متن تصادفی متن تصادفی متن تصادفی متن تصادفی متن تصادفی متن تصادفی متن تصادفی متن تصادفی متن تصادفی متن تصادفی متن تصادفی متن تصادفی متن تصادفی متن تصادفی متن تصادفی متن تصادفی متن تصادفی متن تصادفی</p><p>&nbsp;متن تصادفی متن تصادفی متن تصادفی متن تصادفی متن تصادفی متن تصادفی متن تصادفی متن تصادفی</p><p>&nbsp;متن تصادفی متن تصادفی متن تصادفی متن تصادفی متن تصادفی متن تصادفی متن تصادفی متن تصادفی متن تصادفی متن تصادفی متن تصادفی متن تصادفی متن تصادفی متن تصادفی متن تصادفی متن تصادفی</p>", "more_info": "", "counted_views": 2, "status": true, "login_require": false, "published_date": "2023-12-30T12:24:59Z", "created_date": "2023-12-30T12:25:00.076Z", "updated_date": "2023-12-30T20:48:25.298Z", "category": [6], "tag": [29]}}, {"model": "portfolio.product", "pk": 17, "fields": {"image_main": "portfolio/johnny-briggs-4EMwZg79TFI-unsplash.jpg", "product_id": "Q-1111", "title": "تلفن لامپی", "sub_title": "در تنوع بالا و سنگین", "product_age": 60, "dimensions": "", "material": "فلز", "weight": 2000, "color": "متنوع", "price": 4000000.0, "info": "<p>&nbsp;متن تصادفی متن تصادفی متن تصادفی متن تصادفی متن تصادفی متن تصادفی متن تصادفی متن تصادفی متن تصادفی متن تصادفی متن تصادفی متن تصادفی متن تصادفی متن تصادفی متن تصادفی متن تصادفی متن تصادفی متن تصادفی متن تصادفی متن تصادفی متن تصادفی متن تصادفی متن تصادفی متن تصادفی متن تصادفی متن تصادفی متن تصادفی متن تصادفی متن تصادفی متن تصادفی متن تصادفی</p><p>&nbsp;متن تصادفی متن تصادفی متن تصادفی متن تصادفی متن تصادفی متن تصادفی متن تصادفی متن تصادفی متن تص تصادفی متن تصادفی متن تصادفی متن تصادفی متن تصادفی متن تصادفی متن تصادفی متن تصادفی متن تصادفی متن تصادفی متن تصادفی</p>", "more_info": "", "counted_views": 1, "status": true, "login_require": false, "published_date": "2023-12-30T12:26:55Z", "created_date": "2023-12-30T12:26:56.591Z", "updated_date": "2023-12-30T20:28:35.834Z", "category": [6], "tag": [19, 24, 25]}}, {"model": "portfolio.product", "pk": 18, "fields": {"image_main": "portfolio/arpit-rastogi-BvRTUMHJAiQ-unsplash.jpg", "product_id": "R-1111", "title": "کره ی زمین", "sub_title": "در انواع ومدل های مختلف", "product_age": 40, "dimensions": "20*20*60", "material": "فلز، پلاستیک", "weight": 2000, "color": "متنوع", "price": 4000000.0, "info": "<p>&nbsp;متن تصادفی متن تصادفی متن تصادفی متن تصادفی متن تصادفی متن تصادفی متن تصادفی متن تصادفی متن تصادفی متن تصادصادفی متن تصادفی متن تصادفی متن تصادفی متن تصادفی متن تصادفی متن تصادفی متن تصادفی متن تصادفی متن تصادفی متن تصادفی متن تصادفی متن تصادفی متن تصادفی متن تصادفی متن تصادفی متن تصادفی</p><p>&nbsp;متن تصادفی متن تصادفی متن تصادفی متن تصادفی متن تصادفی متن تصادفی متن تصادفی متن تصادفی</p><p>&nbsp;متن تصادفی متن تصادفی متن تصادفی متن تصادفی متن تصادفی متن تصادفی متن تصادفی متن تصادفی متن تصادفی متن تصادفی متن تصادفی متن تصادفی متن تصادفی متن تصادفی متن تصادفی متن تصادفی</p>", "more_info": "", "counted_views": 1, "status": true, "login_require": false, "published_date": "2023-12-30T12:29:39Z", "created_date": "2023-12-30T12:29:40.013Z", "updated_date": "2023-12-30T20:28:41.056Z", "category": [7], "tag": [23]}}, {"model": "portfolio.product", "pk": 19, "fields": {"image_main": "portfolio/johnny-briggs-Q2sI-omncsk-unsplash.jpg", "product_id": "S-1111", "title": "ماشین تایپ", "sub_title": "قدیمی و سالم و متنوع", "product_age": 70, "dimensions": "30*28*15", "material": "فلز", "weight": 6000, "color": "مشکی", "price": 7500000.0, "info": "<p>&nbsp;متن تصادفی متن تصادفی متن تصادفی متن تصادفی متن تصادفی متن تصادفی متن تصادفی متن تصادفی متن تصادفی متن تصادفی متن تصادفی متن تصادفی متن تصادفی متن تصادفی متن تصادفی متن تصادفی متن تصادفی متن تصادفی متن تصادفی متن تصادفی متن تصادفی متن تصادفی متن تصادفی متن تصادفی متن تصادفی متن تصادفی متن تصادفی متن تصادفی متن تصادفی متن تصادفی متن تصادفی</p><p>&nbsp;متن تصادفی متن تصادفی متن تصادفی متن تصادفی متن تصادفی متن تصادفی متن تصادفی متن تصادفی متن تصادفی متن تصادفی متن تصادفی متن تصادفی متن تصادفی متن تصادفی متن تصادفی متن تصادفی متن تصادفی متن تصادفی متن تصادفی متن تصادفی متن تصادفی متن تصادفی متن تصادفی متن تصادفی</p><p>&nbsp;متن تصادفی متن تصادفی متن تصادفی متن تصادفی متن تصادفی متن تصادفی متن تصادفی متن تصادفی</p><p>&nbsp;متن تصادفی متن تصادفی متن تصادفی متن تصادفی متن تصادفی متن تصادفی متن تصادفی متن تصادفی متن تصادفی متن تصادفی متن تصادفی متن تصادفی متن تصادفی متن تصادفی متن تصادفی متن تصادفی</p>", "more_info": "<p>&nbsp;متن تصادفی متن تصادفی متن تصادفی متن تصادفی متن تصادفی متن تصادفی متن تصادفی متن تصادفی متن تصادفی متن تصادفی متن تصادفی متن تصادفی متن تصادفی متن تصادفی متن تصادفی متن تصادفی متن تصادفی متن تصادفی متن تصادفی متن تصادفی متن تصادفی متن تصادفی متن تصادفی متن تصادفی متن تصادفی متن تصادفی متن تصادفی متن تصادفی متن تصادفی متن تصادفی متن تصادفی</p><p>&nbsp;متن تصادفی متن تصادفی متن تصادفی متن تصادفی متن تصادفی متن تصادفی متن تصادفی متن تصادفی متن تصادفی متن تصادفی متن تصادفی متن تصادفی متن تصادفی متن تصادفی متن تصادفی متن تصادفی متن تصادفی متن تصادفی متن تصادفی متن تصادفی متن تصادفی متن تصادفی متن تصادفی متن تصادفی</p><p>&nbsp;متن تصادفی متن تصادفی متن تصادفی متن تصادفی متن تصادفی متن تصادفی متن تصادفی متن تصادفی</p><p>&nbsp;متن تصادفی متن تصادفی متن تصادفی متن تصادفی متن تصادفی متن تصادفی متن تصادفی متن تصادفی متن تصادفی متن تصادفی متن تصادفی متن تصادفی متن تصادفی متن تصادفی متن تصادفی متن تصادفی</p>", "counted_views": 2, "status": true, "login_require": false, "published_date": "2023-12-30T12:32:35Z", "created_date": "2023-12-30T12:32:38.988Z", "updated_date": "2024-01-03T15:06:45.518Z", "category": [8], "tag": [23, 24, 25, 26]}}, {"model": "portfolio.product", "pk": 20, "fields": {"image_main": "portfolio/adolfo-felix-RTEbHyyZtnU-unsplash.jpg", "product_id": "T-1111", "title": "چرخ خیاطی", "sub_title": "قدیمی و در مدل های متنوع", "product_age": 60, "dimensions": "45*7*25", "material": "فلز", "weight": 8000, "color": "", "price": null, "info": "<p>&nbsp;متن تصادفی متن تصادفی متن تصادفی متن تصادفی متن تصادفی متن تصادفی متن تصادفی متن تصادفی متن تصادفی متن تصادفی متن تصادفی متن تصادفی متن تصادفی متن تصادفی متن تصادفی متن تصادفی متن تصادفی متن تصادفی متن تصادفی متن تصادفی متن تصادن تصادفی متن تصادفی متن تصادفی متن تصادفی</p><p>&nbsp;متن تصادفی متن تصادفی متن تصادفی متن تصادفی متن تصادفی متن تصادفی متن تصادفی متن تصادفی متن تصادفی متن تصادفی متن تصادفی متن تصادفی متن تصادفی متن تصادفی متن تصادفی متن تصادفی</p>", "more_info": "<p>&nbsp;متن تصادفی متن تصادفی متن تصادفی متن تصادفی متن تصادفی متن تصادفی متن تصادفی متن تصاد</p><p>&nbsp;متن تصادفی متن تصادفی متن تصادفی متن تصادفی متن تصادفی متن تصادفی متن تصادفی متن تصادفی</p><p>&nbsp;متن تصادفی متن تصادفی متن تصادفی متن تصادفی متن تصادفی متن تصادفی متن تصادفی متن تصادفی متن تصادفی متن تصادفی متن تصادفی متن تصادفی متن تصادفی متن تصادفی متن تصادفی متن تصادفی</p>", "counted_views": 1, "status": true, "login_require": false, "published_date": "2023-12-30T12:36:53Z", "created_date": "2023-12-30T12:36:55.122Z", "updated_date": "2023-12-30T20:28:39.852Z", "category": [9], "tag": [18, 23, 26, 29]}}, {"model": "portfolio.productimage", "pk": 1, "fields": {"product": 1, "name": "A-1", "image": "product/mitchell-luo-x62nCKSmUNE-unsplash.jpg"}}, {"model": "portfolio.productimage", "pk": 2, "fields": {"product": 1, "name": "A-2", "image": "product/caleb-lucas-56511oncXMc-unsplash.jpg"}}, {"model": "portfolio.productimage", "pk": 3, "fields": {"product": 1, "name": "A-3", "image": "product/stephanie-harvey-sTgmxWNK9rY-unsplash.jpg"}}, {"model": "portfolio.productimage", "pk": 4, "fields": {"product": 1, "name": "A-4", "image": "product/alexandre-valdivia-8hILOCKw5yA-unsplash.jpg"}}, {"model": "portfolio.productimage", "pk": 5, "fields": {"product": 1, "name": "A-5", "image": "product/jasmin-schreiber-w2GAHcFrgXM-unsplash.jpg"}}, {"model": "portfolio.productimage", "pk": 6, "fields": {"product": 2, "name": "B-1", "image": "product/patrick-schrodter-YqwBH413O4k-unsplash.jpg"}}, {"model": "portfolio.productimage", "pk": 7, "fields": {"product": 2, "name": "B-2", "image": "product/firdaus-roslan-5uXz8YbHhCQ-unsplash.jpg"}}, {"model": "portfolio.productimage", "pk": 8, "fields": {"product": 2, "name": "B-3", "image": "product/abhay-santhosh-xGu5K6ChAuU-unsplash.jpg"}}, {"model": "portfolio.productimage", "pk": 9, "fields": {"product": 2, "name": "B-4", "image": "product/will-francis-_J3oTl6acVg-unsplash.jpg"}}, {"model": "portfolio.productimage", "pk": 10, "fields": {"product": 2, "name": "B-5", "image": "product/christian-lue-yKbC9HQR3u0-unsplash.jpg"}}, {"model": "portfolio.productimage", "pk": 11, "fields": {"product": 3, "name": "C-1", "image": "product/david-carboni-xvkSnspiETA-unsplash.jpg"}}, {"model": "portfolio.productimage", "pk": 12, "fields": {"product": 3, "name": "C-2", "image": "product/ramiro-mendes-sMCBEI5zkqc-unsplash.jpg"}}, {"model": "portfolio.productimage", "pk": 13, "fields": {"product": 3, "name": "C-3", "image": "product/ramiro-mendes-sMCBEI5zkqc-unsplash_FybmCOD.jpg"}}, {"model": "portfolio.productimage", "pk": 14, "fields": {"product": 3, "name": "C-4", "image": "product/denny-muller-u2zSzMTwIjQ-unsplash.jpg"}}, {"model": "portfolio.productimage", "pk": 15, "fields": {"product": 4, "name": "D-1", "image": "product/ricardo-cruz-P8LZaU52NME-unsplash.jpg"}}, {"model": "portfolio.productimage", "pk": 16, "fields": {"product": 4, "name": "D-2", "image": "product/jonathan-kemper-zE612_hD6GI-unsplash.jpg"}}, {"model": "portfolio.productimage", "pk": 17, "fields": {"product": 4, "name": "D-3", "image": "product/artur-tumasjan-rnLBHFfY6e0-unsplash.jpg"}}, {"model": "portfolio.productimage", "pk": 18, "fields": {"product": 4, "name": "D-4", "image": "product/elimende-inagella-Dq1LIp47cUc-unsplash.jpg"}}, {"model": "portfolio.productimage", "pk": 19, "fields": {"product": 4, "name": "D-5", "image": "product/nik-shuliahin-JOzv_pAkcMk-unsplash.jpg"}}, {"model": "portfolio.productimage", "pk": 20, "fields": {"product": 4, "name": "D-6", "image": "product/faria-anzum-M-i50fyEudo-unsplash.jpg"}}, {"model": "portfolio.productimage", "pk": 21, "fields": {"product": 5, "name": "E-1", "image": "product/johnny-briggs-6bhhqbM7ewE-unsplash.jpg"}}, {"model": "portfolio.productimage", "pk": 22, "fields": {"product": 5, "name": "E-2", "image": "product/johnny-briggs-bQ0v_fLSgWQ-unsplash.jpg"}}, {"model": "portfolio.productimage", "pk": 23, "fields": {"product": 5, "name": "E-3", "image": "product/johnny-briggs-sNplOG6cYVc-unsplash.jpg"}}, {"model": "portfolio.productimage", "pk": 24, "fields": {"product": 5, "name": "E-4", "image": "product/sandie-clarke-5-jtenVwiT0-unsplash.jpg"}}, {"model": "portfolio.productimage", "pk": 25, "fields": {"product": 5, "name": "E-5", "image": "product/julius-drost-8kslEghjQ0c-unsplash.jpg"}}, {"model": "portfolio.productimage", "pk": 26, "fields": {"product": 5, "name": "E-6", "image": "product/alexander-andrews-HgUDpaGPTEA-unsplash.jpg"}}, {"model": "portfolio.productimage", "pk": 27, "fields": {"product": 5, "name": "E-7", "image": "product/jonathan-talbert-1NAXTpRVyo4-unsplash.jpg"}}, {"model": "portfolio.productimage", "pk": 28, "fields": {"product": 5, "name": "E-8", "image": "product/chris-haws-5hnx9E64ZJk-unsplash.jpg"}}, {"model": "portfolio.productimage", "pk": 29, "fields": {"product": 6, "name": "F-1", "image": "product/marcus-depaula-tk7OAxsXNL0-unsplash.jpg"}}, {"model": "portfolio.productimage", "pk": 30, "fields": {"product": 6, "name": "F-2", "image": "product/raphael-schaller-GkinCd2enIY-unsplash.jpg"}}, {"model": "portfolio.productimage", "pk": 31, "fields": {"product": 6, "name": "F-3", "image": "product/hannes-wolf-n2ILm0aTCYo-unsplash.jpg"}}, {"model": "portfolio.productimage", "pk": 32, "fields": {"product": 6, "name": "F-4", "image": "product/natalia-y-bMybTSV7RFY-unsplash.jpg"}}, {"model": "portfolio.productimage", "pk": 33, "fields": {"product": 7, "name": "G-1", "image": "product/annie-spratt-lIWF2uHxs0Q-unsplash.jpg"}}, {"model": "portfolio.productimage", "pk": 34, "fields": {"product": 7, "name": "G-2", "image": "product/debby-hudson-GdeOsRlOBY4-unsplash.jpg"}}, {"model": "portfolio.productimage", "pk": 35, "fields": {"product": 7, "name": "G-3", "image": "product/darran-shen-aOiUF_KOeEc-unsplash.jpg"}}, {"model": "portfolio.productimage", "pk": 36, "fields": {"product": 7, "name": "G-4", "image": "product/clem-onojeghuo-0PPKxWtYh0g-unsplash.jpg"}}, {"model": "portfolio.productimage", "pk": 37, "fields": {"product": 7, "name": "G-5", "image": "product/prateek-katyal-_YzGQvASeMk-unsplash.jpg"}}, {"model": "portfolio.productimage", "pk": 38, "fields": {"product": 7, "name": "G-6", "image": "product/142396.jpg"}}, {"model": "portfolio.productimage", "pk": 39, "fields": {"product": 7, "name": "G-7", "image": "product/daniele-levis-pelusi-Ykzj_KlF7ow-unsplash.jpg"}}, {"model": "portfolio.productimage", "pk": 40, "fields": {"product": 8, "name": "H-1", "image": "product/lizelle-de-wit-Uxjd-u0C8yM-unsplash.jpg"}}, {"model": "portfolio.productimage", "pk": 41, "fields": {"product": 8, "name": "H-2", "image": "product/alessia-cocconi-rF1OwUp065Q-unsplash.jpg"}}, {"model": "portfolio.productimage", "pk": 42, "fields": {"product": 8, "name": "H-3", "image": "product/alessia-cocconi-8WzCaqC_0ic-unsplash.jpg"}}, {"model": "portfolio.productimage", "pk": 43, "fields": {"product": 8, "name": "H-4", "image": "product/alessia-cocconi-eElpS2uHBfU-unsplash.jpg"}}, {"model": "portfolio.productimage", "pk": 44, "fields": {"product": 9, "name": "I-1", "image": "product/mason-hassoun-zeT2ocEg0OQ-unsplash.jpg"}}, {"model": "portfolio.productimage", "pk": 45, "fields": {"product": 9, "name": "I-2", "image": "product/jordan-madrid-gWSWEn9WIfk-unsplash.jpg"}}, {"model": "portfolio.productimage", "pk": 46, "fields": {"product": 9, "name": "I-3", "image": "product/denise-jans-IJy2ZUex0-Y-unsplash.jpg"}}, {"model": "portfolio.productimage", "pk": 47, "fields": {"product": 9, "name": "I-4", "image": "product/jametlene-reskp-3Dtu6_XfqIk-unsplash.jpg"}}, {"model": "portfolio.productimage", "pk": 48, "fields": {"product": 9, "name": "I-5", "image": "product/aaron-burden-NXt5PrOb_7U-unsplash.jpg"}}, {"model": "portfolio.productimage", "pk": 49, "fields": {"product": 9, "name": "I-6", "image": "product/mick-haupt-tJefy_Vu7Po-unsplash.jpg"}}, {"model": "portfolio.productimage", "pk": 50, "fields": {"product": 10, "name": "J-1", "image": "product/lucas-santos-r-UaSYUqF9o-unsplash.jpg"}}, {"model": "portfolio.productimage", "pk": 51, "fields": {"product": 10, "name": "J-2", "image": "product/kevin-andre-f1fUq0H-Sq8-unsplash.jpg"}}, {"model": "portfolio.productimage", "pk": 52, "fields": {"product": 10, "name": "J-3", "image": "product/karsten-fullhaas-5TMbDijQn0M-unsplash.jpg"}}, {"model": "portfolio.productimage", "pk": 53, "fields": {"product": 10, "name": "J-4", "image": "product/karsten-fullhaas-qPpfGBEh4C8-unsplash.jpg"}}, {"model": "portfolio.productimage", "pk": 54, "fields": {"product": 10, "name": "J-5", "image": "product/istockphoto-492371628-1024x1024.jpg"}}, {"model": "portfolio.productimage", "pk": 55, "fields": {"product": 10, "name": "J-6", "image": "product/367817.jpg"}}, {"model": "portfolio.productimage", "pk": 56, "fields": {"product": 10, "name": "J-7", "image": "product/mishaal-zahed-vIFco6P4j6I-unsplash.jpg"}}, {"model": "portfolio.productimage", "pk": 57, "fields": {"product": 11, "name": "K-1", "image": "product/vayun-sharma-4kgCmW5OEcg-unsplash.jpg"}}, {"model": "portfolio.productimage", "pk": 58, "fields": {"product": 11, "name": "K-2", "image": "product/tara-meinczinger-MMHbgY8qFFo-unsplash_1.jpg"}}, {"model": "portfolio.productimage", "pk": 59, "fields": {"product": 11, "name": "K-3", "image": "product/rory-mckeever-qff8tO21W48-unsplash.jpg"}}, {"model": "portfolio.productimage", "pk": 60, "fields": {"product": 11, "name": "K-4", "image": "product/tara-meinczinger-MMHbgY8qFFo-unsplash.jpg"}}, {"model": "portfolio.productimage", "pk": 61, "fields": {"product": 11, "name": "K-5", "image": "product/yevhenii-foshchan-TcS7cxt2V7E-unsplash.jpg"}}, {"model": "portfolio.productimage", "pk": 62, "fields": {"product": 11, "name": "K-6", "image": "product/lvl9-studio-3jM3BCQAtVA-unsplash.jpg"}}, {"model": "portfolio.productimage", "pk": 63, "fields": {"product": 12, "name": "L-1", "image": "product/elza-kurbanova-f8MLY_HKwqQ-unsplash.jpg"}}, {"model": "portfolio.productimage", "pk": 64, "fields": {"product": 12, "name": "L-2", "image": "product/dane-deaner-XAqTc-LLm6A-unsplash.jpg"}}, {"model": "portfolio.productimage", "pk": 65, "fields": {"product": 13, "name": "M-1", "image": "product/seth-doyle-wYrByI2RKx8-unsplash.jpg"}}, {"model": "portfolio.productimage", "pk": 66, "fields": {"product": 13, "name": "M-2", "image": "product/travis-yewell-F-B7kWlkxDQ-unsplash.jpg"}}, {"model": "portfolio.productimage", "pk": 67, "fields": {"product": 13, "name": "M-3", "image": "product/emma-frances-logan-nD3AcuizeF8-unsplash.jpg"}}, {"model": "portfolio.productimage", "pk": 68, "fields": {"product": 13, "name": "M-4", "image": "product/tyler-nix-Ynl50d2_oH4-unsplash.jpg"}}, {"model": "portfolio.productimage", "pk": 69, "fields": {"product": 13, "name": "M-5", "image": "product/patrick-perkins-UyFISmyVSzM-unsplash.jpg"}}, {"model": "portfolio.productimage", "pk": 70, "fields": {"product": 14, "name": "N-1", "image": "product/sina-saadatmand-_hhLXRU9Wzc-unsplash.jpg"}}, {"model": "portfolio.productimage", "pk": 71, "fields": {"product": 14, "name": "N-2", "image": "product/ashkan-forouzani-eBwGgqSt1QA-unsplash.jpg"}}, {"model": "portfolio.productimage", "pk": 72, "fields": {"product": 14, "name": "N-3", "image": "product/erol-ahmed-_CeW6TRUWws-unsplash.jpg"}}, {"model": "portfolio.productimage", "pk": 73, "fields": {"product": 14, "name": "N-4", "image": "product/juli-kosolapova-dWm94DekLBg-unsplash.jpg"}}, {"model": "portfolio.productimage", "pk": 74, "fields": {"product": 14, "name": "N-5", "image": "product/juli-kosolapova-mpFsCX5FqZ8-unsplash.jpg"}}, {"model": "portfolio.productimage", "pk": 75, "fields": {"product": 14, "name": "N-6", "image": "product/toa-heftiba-zSpQkCdbRb4-unsplash.jpg"}}, {"model": "portfolio.productimage", "pk": 76, "fields": {"product": 15, "name": "O-1", "image": "product/greg-boll-ukUc_ayZwrU-unsplash.jpg"}}, {"model": "portfolio.productimage", "pk": 77, "fields": {"product": 15, "name": "O-2", "image": "product/isaac-quesada-0-idx4o9_2o-unsplash.jpg"}}, {"model": "portfolio.productimage", "pk": 78, "fields": {"product": 15, "name": "O-3", "image": "product/greg-boll-8ekQzUw7cT8-unsplash.jpg"}}, {"model": "portfolio.productimage", "pk": 79, "fields": {"product": 16, "name": "P-1", "image": "product/birger-strahl-eduo-2QxKjs-unsplash.jpg"}}, {"model": "portfolio.productimage", "pk": 80, "fields": {"product": 16, "name": "P-2", "image": "product/kevin-mueller-sC_TGNFW8a4-unsplash.jpg"}}, {"model": "portfolio.productimage", "pk": 81, "fields": {"product": 16, "name": "P-3", "image": "product/egor-myznik-3lCF4bteEz4-unsplash.jpg"}}, {"model": "portfolio.productimage", "pk": 82, "fields": {"product": 16, "name": "P-4", "image": "product/egor-myznik--jgTE27Bego-unsplash.jpg"}}, {"model": "portfolio.productimage", "pk": 83, "fields": {"product": 16, "name": "P-5", "image": "product/egor-myznik-1q1xKDm-az8-unsplash.jpg"}}, {"model": "portfolio.productimage", "pk": 84, "fields": {"product": 16, "name": "P-6", "image": "product/egor-myznik-CdRIW3QRdE4-unsplash.jpg"}}, {"model": "portfolio.productimage", "pk": 85, "fields": {"product": 16, "name": "P-7", "image": "product/egor-myznik-e7May5APDhw-unsplash.jpg"}}, {"model": "portfolio.productimage", "pk": 86, "fields": {"product": 16, "name": "P-8", "image": "product/egor-myznik-Le5E_D3iAiA-unsplash.jpg"}}, {"model": "portfolio.productimage", "pk": 87, "fields": {"product": 17, "name": "Q-1", "image": "product/pawel-czerwinski--0xCCPIbl3M-unsplash.jpg"}}, {"model": "portfolio.productimage", "pk": 88, "fields": {"product": 17, "name": "Q-2", "image": "product/wilhelm-gunkel-x6Y29nMZP-o-unsplash.jpg"}}, {"model": "portfolio.productimage", "pk": 89, "fields": {"product": 17, "name": "Q-3", "image": "product/quino-al-9blSF_Ay3MY-unsplash.jpg"}}, {"model": "portfolio.productimage", "pk": 90, "fields": {"product": 17, "name": "Q-4", "image": "product/louis-hansel-OgDrj7Q8EAw-unsplash.jpg"}}, {"model": "portfolio.productimage", "pk": 91, "fields": {"product": 17, "name": "Q-5", "image": "product/bhargav-panchal-e2Vau4ckfuo-unsplash.jpg"}}, {"model": "portfolio.productimage", "pk": 92, "fields": {"product": 17, "name": "Q-6", "image": "product/quino-al-9blSF_Ay3MY-unsplash_PCJyM5p.jpg"}}, {"model": "portfolio.productimage", "pk": 93, "fields": {"product": 18, "name": "R-1", "image": "product/gaelle-marcel-Qu3UoPFu3w4-unsplash.jpg"}}, {"model": "portfolio.productimage", "pk": 94, "fields": {"product": 18, "name": "R-2", "image": "product/sergey-sokolov-YSUnEXMVN5k-unsplash.jpg"}}, {"model": "portfolio.productimage", "pk": 95, "fields": {"product": 18, "name": "R-3", "image": "product/sandro-gonzalez-hp3RFurOExI-unsplash.jpg"}}, {"model": "portfolio.productimage", "pk": 96, "fields": {"product": 18, "name": "R-4", "image": "product/viktor-forgacs-DzpViKMZHe8-unsplash.jpg"}}, {"model": "portfolio.productimage", "pk": 97, "fields": {"product": 19, "name": "S-1", "image": "product/johnny-briggs-skhrNNKW740-unsplash.jpg"}}, {"model": "portfolio.productimage", "pk": 98, "fields": {"product": 19, "name": "S-2", "image": "product/ian-edokov-rApso4Y0ZDw-unsplash.jpg"}}, {"model": "portfolio.productimage", "pk": 99, "fields": {"product": 19, "name": "S-3", "image": "product/peter-herrmann-YEHu8af3QjQ-unsplash.jpg"}}, {"model": "portfolio.productimage", "pk": 100, "fields": {"product": 19, "name": "S-4", "image": "product/denise-jans-wz7CkrnUEPM-unsplash.jpg"}}, {"model": "portfolio.productimage", "pk": 101, "fields": {"product": 19, "name": "S-5", "image": "product/domino-m2JlMXdqb3s-unsplash.jpg"}}, {"model": "portfolio.productimage", "pk": 102, "fields": {"product": 19, "name": "S-6", "image": "product/camilo-jimenez-Pll7AP6NFpY-unsplash.jpg"}}, {"model": "portfolio.productimage", "pk": 103, "fields": {"product": 19, "name": "S-7", "image": "product/sebastien-le-derout-I9A9OWFN0ow-unsplash.jpg"}}, {"model": "portfolio.productimage", "pk": 104, "fields": {"product": 19, "name": "S-8", "image": "product/bernard-hermant-qTpc0Vj4YoE-unsplash.jpg"}}, {"model": "portfolio.productimage", "pk": 105, "fields": {"product": 19, "name": "S-9", "image": "product/florian-klauer-mk7D-4UCfmg-unsplash.jpg"}}, {"model": "portfolio.productimage", "pk": 106, "fields": {"product": 20, "name": "T-1", "image": "product/nick-fewings-6G6SxCpmGWQ-unsplash.jpg"}}, {"model": "portfolio.productimage", "pk": 107, "fields": {"product": 20, "name": "T-2", "image": "product/annie-spratt-hzdgFPz1V24-unsplash.jpg"}}, {"model": "portfolio.productimage", "pk": 108, "fields": {"product": 20, "name": "T-3", "image": "product/annie-spratt-naK6kidfAHg-unsplash.jpg"}}, {"model": "portfolio.productimage", "pk": 109, "fields": {"product": 20, "name": "T-4", "image": "product/clem-onojeghuo-93x6yZautvA-unsplash.jpg"}}, {"model": "portfolio.productimage", "pk": 110, "fields": {"product": 20, "name": "T-5", "image": "product/nikhil-eHB79_pGh6o-unsplash.jpg"}}, {"model": "portfolio.productimage", "pk": 111, "fields": {"product": 20, "name": "T-6", "image": "product/bozhin-karaivanov-vwUmBoT5_eA-unsplash.jpg"}}, {"model": "portfolio.productimage", "pk": 112, "fields": {"product": 20, "name": "T-7", "image": "product/lucia-garo-gfQktj2QSwE-unsplash.jpg"}}, {"model": "portfolio.productimage", "pk": 113, "fields": {"product": 3, "name": "C-5", "image": "product/harrison-fSCzIjmxUNA-unsplash.jpg"}}, {"model": "robots.url", "pk": 1, "fields": {"pattern": "/*"}}, {"model": "robots.url", "pk": 2, "fields": {"pattern": "/admin"}}, {"model": "robots.url", "pk": 3, "fields": {"pattern": "/admin/"}}, {"model": "robots.url", "pk": 4, "fields": {"pattern": "/*/"}}, {"model": "robots.url", "pk": 5, "fields": {"pattern": "/*/"}}, {"model": "robots.url", "pk": 6, "fields": {"pattern": "/*/"}}, {"model": "robots.url", "pk": 7, "fields": {"pattern": "/*/"}}, {"model": "robots.url", "pk": 8, "fields": {"pattern": "/*"}}, {"model": "robots.rule", "pk": 1, "fields": {"robot": "*", "crawl_delay": null, "allowed": [8], "disallowed": [2], "sites": [2]}}]